"","Number","Name","Type1","Type2","Att","Def","Experience","FinalEvolution","CatchRate","Legendary","outterR","innerR","leftX1","leftX2","rightX2","rightX1","innerX"
"1",285,"Shroomish","Grass","",40,60,1640000,0,255,0,50,12.5,205,232.5,305,257.5,245
"2",286,"Breloom","Grass","Fighting",130,80,1640000,1,90,0,105,26.25,-15,88.75,195,141.25,115
"3",296,"Makuhita","Fighting","",60,30,1640000,0,180,0,45,11.25,135,183.75,225,206.25,195
"4",297,"Hariyama","Fighting","",120,60,1640000,1,200,0,90,22.5,110,207.5,290,252.5,230
"5",314,"Illumise","Bug","",47,75,1640000,1,150,0,61,15.25,89,120.75,211,151.25,136
"6",316,"Gulpin","Poison","",43,53,1640000,0,225,0,48,12,177,208,273,232,220
"7",317,"Swalot","Poison","",73,83,1640000,1,75,0,78,19.5,-3,50.5,153,89.5,70
"8",320,"Wailmer","Water","",70,35,1640000,0,125,0,52.5,13.125,72.5,129.375,177.5,155.625,142.5
"9",321,"Wailord","Water","",90,45,1640000,1,60,0,67.5,16.875,-7.5,65.625,127.5,99.375,82.5
"10",336,"Seviper","Poison","",100,60,1640000,1,90,0,80,20,10,90,170,130,110
"11",341,"Corphish","Water","",80,65,1640000,0,205,0,72.5,18.125,132.5,194.375,277.5,230.625,212.5
"12",342,"Crawdaunt","Water","Dark",120,85,1640000,1,155,0,102.5,25.625,52.5,146.875,257.5,198.125,172.5
"13",425,"Drifloon","Ghost","Flying",50,34,1640000,0,125,0,42,10.5,83,122.5,167,143.5,133
"14",426,"Drifblim","Ghost","Flying",80,44,1640000,1,60,0,62,15.5,-2,62.5,122,93.5,78
"15",58,"Growlithe","Fire","",70,45,1250000,0,190,0,57.5,14.375,132.5,188.125,247.5,216.875,202.5
"16",59,"Arcanine","Fire","",110,80,1250000,1,75,0,95,23.75,-20,66.25,170,113.75,90
"17",72,"Tentacool","Water","Poison",40,35,1250000,0,190,0,37.5,9.375,152.5,183.125,227.5,201.875,192.5
"18",73,"Tentacruel","Water","Poison",70,65,1250000,1,60,0,67.5,16.875,-7.5,45.625,127.5,79.375,62.5
"19",90,"Shellder","Water","",65,100,1250000,0,190,0,82.5,20.625,107.5,151.875,272.5,193.125,172.5
"20",91,"Cloyster","Water","Ice",95,180,1250000,1,60,0,137.5,34.375,-77.5,-16.875,197.5,51.875,17.5
"21",102,"Exeggcute","Grass","Psychic",40,80,1250000,0,90,0,60,15,30,55,150,85,70
"22",103,"Exeggutor","Grass","Psychic",95,85,1250000,1,45,0,90,22.5,-45,27.5,135,72.5,50
"23",103,"Alolan Exeggutor","Grass","Dragon",105,85,1250000,1,45,0,95,23.75,-50,31.25,140,78.75,55
"24",111,"Rhyhorn","Ground","Rock",85,95,1250000,0,120,0,90,22.5,30,92.5,210,137.5,115
"25",112,"Rhydon","Ground","Rock",130,120,1250000,0,60,0,125,31.25,-65,33.75,185,96.25,65
"26",120,"Staryu","Water","",45,55,1250000,0,225,0,50,12.5,175,207.5,275,232.5,220
"27",121,"Starmie","Water","Psychic",75,85,1250000,1,60,0,80,20,-20,35,140,75,55
"28",127,"Pinsir","Bug","",125,100,1250000,1,45,0,112.5,28.125,-67.5,29.375,157.5,85.625,57.5
"29",127,"Mega Pinsir","Bug","Flying",155,120,1250000,1,45,0,137.5,34.375,-92.5,28.125,182.5,96.875,62.5
"30",128,"Tauros","Normal","",100,95,1250000,1,45,0,97.5,24.375,-52.5,23.125,142.5,71.875,47.5
"31",129,"Magikarp","Water","",10,55,1250000,0,255,0,32.5,8.125,222.5,224.375,287.5,240.625,232.5
"32",130,"Gyarados","Water","Flying",125,79,1250000,1,45,0,102,25.5,-57,42.5,147,93.5,68
"33",130,"Mega Gyarados","Water","Dark",155,109,1250000,1,45,0,132,33,-87,35,177,101,68
"34",131,"Lapras","Water","Ice",85,80,1250000,1,45,0,82.5,20.625,-37.5,26.875,127.5,68.125,47.5
"35",142,"Aerodactyl","Rock","Flying",105,65,1250000,1,45,0,85,21.25,-40,43.75,130,86.25,65
"36",142,"Mega Aerodactyl","Rock","Flying",135,85,1250000,1,45,0,110,27.5,-65,42.5,155,97.5,70
"37",143,"Snorlax","Normal","",110,65,1250000,1,25,0,87.5,21.875,-62.5,25.625,112.5,69.375,47.5
"38",144,"Articuno","Ice","Flying",85,100,1250000,1,3,1,92.5,23.125,-89.5,-27.625,95.5,18.625,-4.5
"39",144,"Galarian Articuno","Psychic","Flying",85,85,1250000,1,3,1,85,21.25,-82,-18.25,88,24.25,3
"40",145,"Zapdos","Electric","Flying",90,85,1250000,1,3,1,87.5,21.875,-84.5,-16.375,90.5,27.375,5.5
"41",145,"Galarian Zapdos","Fighting","Flying",125,90,1250000,1,3,1,107.5,26.875,-104.5,-6.375,110.5,47.375,20.5
"42",146,"Moltres","Fire","Flying",100,90,1250000,1,3,1,95,23.75,-92,-15.75,98,31.75,8
"43",146,"Galarian Moltres","Dark","Flying",85,90,1250000,1,3,1,87.5,21.875,-84.5,-21.375,90.5,22.375,0.5
"44",147,"Dratini","Dragon","",64,45,1250000,0,45,0,54.5,13.625,-9.5,40.875,99.5,68.125,54.5
"45",148,"Dragonair","Dragon","",84,65,1250000,0,45,0,74.5,18.625,-29.5,35.875,119.5,73.125,54.5
"46",149,"Dragonite","Dragon","Flying",134,95,1250000,1,45,0,114.5,28.625,-69.5,35.875,159.5,93.125,64.5
"47",150,"Mewtwo","Psychic","",110,90,1250000,1,3,1,100,25,-97,-12,103,38,13
"48",150,"Mega Mewtwo Y","Psychic","",150,70,1250000,1,3,1,110,27.5,-107,15.5,113,70.5,43
"49",150,"Mega Mewtwo X","Psychic","Fighting",190,100,1250000,1,3,1,145,36.25,-142,11.75,148,84.25,48
"50",170,"Chinchou","Water","Electric",38,38,1250000,0,190,0,38,9.5,152,180.5,228,199.5,190
"51",171,"Lanturn","Water","Electric",58,58,1250000,1,75,0,58,14.5,17,60.5,133,89.5,75
"52",214,"Heracross","Bug","Fighting",125,75,1250000,1,45,0,100,25,-55,45,145,95,70
"53",214,"Mega Heracross","Bug","Fighting",185,115,1250000,1,45,0,150,37.5,-105,42.5,195,117.5,80
"54",220,"Swinub","Ice","Ground",50,40,1250000,0,225,0,45,11.25,180,218.75,270,241.25,230
"55",221,"Piloswine","Ice","Ground",100,80,1250000,0,75,0,90,22.5,-15,62.5,165,107.5,85
"56",226,"Mantine","Water","Flying",40,70,1250000,1,25,0,55,13.75,-30,-3.75,80,23.75,10
"57",227,"Skarmory","Steel","Flying",80,140,1250000,1,25,0,110,27.5,-85,-32.5,135,22.5,-5
"58",228,"Houndour","Dark","Fire",60,30,1250000,0,120,0,45,11.25,75,123.75,165,146.25,135
"59",229,"Houndoom","Dark","Fire",90,50,1250000,1,45,0,70,17.5,-25,47.5,115,82.5,65
"60",229,"Mega Houndoom","Dark","Fire",90,90,1250000,1,45,0,90,22.5,-45,22.5,135,67.5,45
"61",234,"Stantler","Normal","",95,62,1250000,1,45,0,78.5,19.625,-33.5,41.875,123.5,81.125,61.5
"62",241,"Miltank","Normal","",80,105,1250000,1,45,0,92.5,23.125,-47.5,9.375,137.5,55.625,32.5
"63",243,"Raikou","Electric","",85,75,1250000,1,3,1,80,20,-77,-12,83,28,8
"64",244,"Entei","Fire","",115,85,1250000,1,3,1,100,25,-97,-7,103,43,18
"65",245,"Suicune","Water","",75,115,1250000,1,3,1,95,23.75,-92,-40.75,98,6.75,-17
"66",246,"Larvitar","Rock","Ground",64,50,1250000,0,45,0,57,14.25,-12,37.75,102,66.25,52
"67",247,"Pupitar","Rock","Ground",84,70,1250000,0,45,0,77,19.25,-32,32.75,122,71.25,52
"68",248,"Tyranitar","Rock","Dark",134,110,1250000,1,45,0,122,30.5,-77,26.5,167,87.5,57
"69",248,"Mega Tyranitar","Rock","Dark",164,150,1250000,1,45,0,157,39.25,-112,12.75,202,91.25,52
"70",249,"Lugia","Psychic","Flying",90,130,1250000,1,3,1,110,27.5,-107,-44.5,113,10.5,-17
"71",250,"Ho-Oh","Fire","Flying",130,90,1250000,1,3,1,110,27.5,-107,-4.5,113,50.5,23
"72",280,"Ralts","Psychic","Fairy",25,25,1250000,0,235,0,25,6.25,210,228.75,260,241.25,235
"73",281,"Kirlia","Psychic","Fairy",35,35,1250000,0,120,0,35,8.75,85,111.25,155,128.75,120
"74",282,"Gardevoir","Psychic","Fairy",65,65,1250000,1,45,0,65,16.25,-20,28.75,110,61.25,45
"75",282,"Mega Gardevoir","Psychic","Fairy",85,65,1250000,1,45,0,75,18.75,-30,36.25,120,73.75,55
"76",287,"Slakoth","Normal","",60,60,1250000,0,255,0,60,15,195,240,315,270,255
"77",288,"Vigoroth","Normal","",80,80,1250000,0,120,0,80,20,40,100,200,140,120
"78",289,"Slaking","Normal","",160,100,1250000,1,45,0,130,32.5,-85,42.5,175,107.5,75
"79",304,"Aron","Steel","Rock",70,100,1250000,0,180,0,85,21.25,95,143.75,265,186.25,165
"80",305,"Lairon","Steel","Rock",90,140,1250000,0,90,0,115,28.75,-25,36.25,205,93.75,65
"81",306,"Aggron","Steel","Rock",110,180,1250000,1,45,0,145,36.25,-100,-26.25,190,46.25,10
"82",306,"Mega Aggron","Steel","",140,230,1250000,1,45,0,185,46.25,-140,-46.25,230,46.25,0
"83",309,"Electrike","Electric","",45,40,1250000,0,120,0,42.5,10.625,77.5,111.875,162.5,133.125,122.5
"84",310,"Manectric","Electric","",75,60,1250000,1,45,0,67.5,16.875,-22.5,35.625,112.5,69.375,52.5
"85",310,"Mega Manectric","Electric","",75,80,1250000,1,45,0,77.5,19.375,-32.5,23.125,122.5,61.875,42.5
"86",318,"Carvanha","Water","Dark",90,20,1250000,0,225,0,55,13.75,170,246.25,280,273.75,260
"87",319,"Sharpedo","Water","Dark",120,40,1250000,1,60,0,80,20,-20,80,140,120,100
"88",319,"Mega Sharpedo","Water","Dark",140,70,1250000,1,60,0,105,26.25,-45,68.75,165,121.25,95
"89",357,"Tropius","Grass","Flying",68,83,1250000,1,200,0,75.5,18.875,124.5,173.625,275.5,211.375,192.5
"90",369,"Relicanth","Water","Rock",90,130,1250000,1,25,0,110,27.5,-85,-22.5,135,32.5,5
"91",371,"Bagon","Dragon","",75,60,1250000,0,45,0,67.5,16.875,-22.5,35.625,112.5,69.375,52.5
"92",372,"Shelgon","Dragon","",95,100,1250000,0,45,0,97.5,24.375,-52.5,18.125,142.5,66.875,42.5
"93",373,"Salamence","Dragon","Flying",135,80,1250000,1,45,0,107.5,26.875,-62.5,45.625,152.5,99.375,72.5
"94",373,"Mega Salamence","Dragon","Flying",145,130,1250000,1,45,0,137.5,34.375,-92.5,18.125,182.5,86.875,52.5
"95",374,"Beldum","Steel","Psychic",55,80,1250000,0,3,0,67.5,16.875,-64.5,-26.375,70.5,7.375,-9.5
"96",375,"Metang","Steel","Psychic",75,100,1250000,0,3,0,87.5,21.875,-84.5,-31.375,90.5,12.375,-9.5
"97",376,"Metagross","Steel","Psychic",135,130,1250000,1,3,0,132.5,33.125,-129.5,-27.625,135.5,38.625,5.5
"98",376,"Mega Metagross","Steel","Psychic",145,150,1250000,1,3,0,147.5,36.875,-144.5,-36.375,150.5,37.375,0.5
"99",377,"Regirock","Rock","",100,200,1250000,1,3,1,150,37.5,-147,-84.5,153,-9.5,-47
"100",378,"Regice","Ice","",50,100,1250000,1,3,1,75,18.75,-72,-40.75,78,-3.25,-22
"101",379,"Registeel","Steel","",75,150,1250000,1,3,1,112.5,28.125,-109.5,-62.625,115.5,-6.375,-34.5
"102",380,"Latias","Dragon","Psychic",80,90,1250000,1,3,1,85,21.25,-82,-23.25,88,19.25,-2
"103",380,"Mega Latias","Dragon","Psychic",100,120,1250000,1,3,1,110,27.5,-107,-34.5,113,20.5,-7
"104",381,"Latios","Dragon","Psychic",90,80,1250000,1,3,1,85,21.25,-82,-13.25,88,29.25,8
"105",381,"Mega Latios","Dragon","Psychic",130,100,1250000,1,3,1,115,28.75,-112,-10.75,118,46.75,18
"106",382,"Kyogre","Water","",100,90,1250000,1,3,1,95,23.75,-92,-15.75,98,31.75,8
"107",382,"Primal Kyogre","Water","",150,90,1250000,1,3,1,120,30,-117,3,123,63,33
"108",383,"Groudon","Ground","",150,140,1250000,1,3,1,145,36.25,-142,-28.25,148,44.25,8
"109",383,"Primal Groudon","Ground","Fire",180,160,1250000,1,3,1,170,42.5,-167,-29.5,173,55.5,13
"110",384,"Rayquaza","Dragon","Flying",150,90,1250000,1,45,1,120,30,-75,45,165,105,75
"111",384,"Mega Rayquaza","Dragon","Flying",180,100,1250000,1,45,1,140,35,-95,50,185,120,85
"112",385,"Jirachi","Steel","Psychic",100,100,1250000,1,3,1,100,25,-97,-22,103,28,3
"113",386,"Deoxys Normal Form","Psychic","",150,50,1250000,1,3,1,100,25,-97,28,103,78,53
"114",386,"Deoxys Defense Form","Psychic","",70,160,1250000,1,3,1,115,28.75,-112,-70.75,118,-13.25,-42
"115",386,"Deoxys Attack Form","Psychic","",180,20,1250000,1,3,1,100,25,-97,58,103,108,83
"116",386,"Deoxys Speed Form","Psychic","",95,90,1250000,1,3,1,92.5,23.125,-89.5,-17.625,95.5,28.625,5.5
"117",443,"Gible","Dragon","Ground",70,45,1250000,0,45,0,57.5,14.375,-12.5,43.125,102.5,71.875,57.5
"118",444,"Gabite","Dragon","Ground",90,65,1250000,0,45,0,77.5,19.375,-32.5,38.125,122.5,76.875,57.5
"119",445,"Garchomp","Dragon","Ground",130,95,1250000,1,45,0,112.5,28.125,-67.5,34.375,157.5,90.625,62.5
"120",445,"Mega Garchomp","Dragon","Ground",170,115,1250000,1,45,0,142.5,35.625,-97.5,36.875,187.5,108.125,72.5
"121",446,"Munchlax","Normal","",85,40,1250000,0,50,0,62.5,15.625,-12.5,56.875,112.5,88.125,72.5
"122",449,"Hippopotas","Ground","",72,78,1250000,0,140,0,75,18.75,65,118.25,215,155.75,137
"123",450,"Hippowdon","Ground","",112,118,1250000,1,60,0,115,28.75,-55,28.25,175,85.75,57
"124",451,"Skorupi","Poison","Bug",50,90,1250000,0,120,0,70,17.5,50,82.5,190,117.5,100
"125",452,"Drapion","Poison","Dark",90,110,1250000,1,45,0,100,25,-55,10,145,60,35
"126",455,"Carnivine","Grass","",100,72,1250000,1,200,0,86,21.5,114,192.5,286,235.5,214
"127",458,"Mantyke","Water","Flying",20,50,1250000,0,25,0,35,8.75,-10,1.25,60,18.75,10
"128",459,"Snover","Grass","Ice",62,50,1250000,0,120,0,56,14,64,112,176,140,126
"129",460,"Abomasnow","Grass","Ice",92,75,1250000,1,60,0,83.5,20.875,-23.5,47.625,143.5,89.375,68.5
"130",460,"Mega Abomasnow","Grass","Ice",132,105,1250000,1,60,0,118.5,29.625,-58.5,43.875,178.5,103.125,73.5
"131",464,"Rhyperior","Ground","Rock",140,130,1250000,1,30,0,135,33.75,-105,1.25,165,68.75,35
"132",473,"Mamoswine","Ice","Ground",130,80,1250000,1,50,0,105,26.25,-55,48.75,155,101.25,75
"133",475,"Gallade","Psychic","Fighting",125,65,1250000,1,45,0,95,23.75,-50,51.25,140,98.75,75
"134",475,"Mega Gallade","Psychic","Fighting",165,95,1250000,1,45,0,130,32.5,-85,47.5,175,112.5,80
"135",480,"Uxie","Psychic","",75,130,1250000,1,3,1,102.5,25.625,-99.5,-50.125,105.5,1.125,-24.5
"136",481,"Mesprit","Psychic","",105,105,1250000,1,3,1,105,26.25,-102,-23.25,108,29.25,3
"137",482,"Azelf","Psychic","",125,70,1250000,1,3,1,97.5,24.375,-94.5,6.125,100.5,54.875,30.5
"138",483,"Dialga","Steel","Dragon",120,120,1250000,1,3,1,120,30,-117,-27,123,33,3
"139",484,"Palkia","Water","Dragon",120,100,1250000,1,3,1,110,27.5,-107,-14.5,113,40.5,13
"140",485,"Heatran","Fire","Steel",90,106,1250000,1,3,1,98,24.5,-95,-29.5,101,19.5,-5
"141",486,"Regigigas","Normal","",160,110,1250000,1,3,1,135,33.75,-132,-5.75,138,61.75,28
"142",487,"Giratina","Ghost","Dragon",100,120,1250000,1,3,1,110,27.5,-107,-34.5,113,20.5,-7
"143",487,"Giratina-Origin","Dragon","Ghost",120,100,1250000,1,3,1,110,27.5,-107,-14.5,113,40.5,13
"144",488,"Cresselia","Psychic","",70,120,1250000,1,3,1,95,23.75,-92,-45.75,98,1.75,-22
"145",489,"Phione","Water","",80,80,1250000,1,30,1,80,20,-50,10,110,50,30
"146",490,"Manaphy","Water","",100,100,1250000,1,3,1,100,25,-97,-22,103,28,3
"147",491,"Darkrai","Dark","",90,90,1250000,1,3,1,90,22.5,-87,-19.5,93,25.5,3
"148",493,"Arceus","Normal","",120,120,1250000,1,3,1,120,30,-117,-27,123,33,3
"149",494,"Victini","Psychic","Fire",100,100,1250000,1,3,1,100,25,-97,-22,103,28,3
"150",582,"Vanillite","Ice","",50,50,1250000,0,255,0,50,12.5,205,242.5,305,267.5,255
"151",583,"Vanillish","Ice","",65,65,1250000,0,120,0,65,16.25,55,103.75,185,136.25,120
"152",584,"Vanilluxe","Ice","",95,85,1250000,1,45,0,90,22.5,-45,27.5,135,72.5,50
"153",602,"Tynamo","Electric","",55,40,1250000,0,190,0,47.5,11.875,142.5,185.625,237.5,209.375,197.5
"154",603,"Eelektrik","Electric","",85,70,1250000,0,60,0,77.5,19.375,-17.5,48.125,137.5,86.875,67.5
"155",604,"Eelektross","Electric","",115,80,1250000,1,30,0,97.5,24.375,-67.5,23.125,127.5,71.875,47.5
"156",610,"Axew","Dragon","",87,60,1250000,0,75,0,73.5,18.375,1.5,70.125,148.5,106.875,88.5
"157",611,"Fraxure","Dragon","",117,70,1250000,0,60,0,93.5,23.375,-33.5,60.125,153.5,106.875,83.5
"158",612,"Haxorus","Dragon","",147,90,1250000,1,45,0,118.5,29.625,-73.5,43.875,163.5,103.125,73.5
"159",627,"Rufflet","Normal","Flying",83,50,1250000,0,190,0,66.5,16.625,123.5,189.875,256.5,223.125,206.5
"160",628,"Braviary","Normal","Flying",123,75,1250000,1,60,0,99,24.75,-39,59.25,159,108.75,84
"161",629,"Vullaby","Dark","Flying",55,75,1250000,0,190,0,65,16.25,125,163.75,255,196.25,180
"162",630,"Mandibuzz","Dark","Flying",65,105,1250000,1,60,0,85,21.25,-25,18.75,145,61.25,40
"163",633,"Deino","Dark","Dragon",65,50,1250000,0,45,0,57.5,14.375,-12.5,38.125,102.5,66.875,52.5
"164",634,"Zweilous","Dark","Dragon",85,70,1250000,0,45,0,77.5,19.375,-32.5,33.125,122.5,71.875,52.5
"165",635,"Hydreigon","Dark","Dragon",105,90,1250000,1,45,0,97.5,24.375,-52.5,28.125,142.5,76.875,52.5
"166",636,"Larvesta","Bug","Fire",85,55,1250000,0,45,0,70,17.5,-25,42.5,115,77.5,60
"167",637,"Volcarona","Bug","Fire",60,65,1250000,1,15,0,62.5,15.625,-47.5,-3.125,77.5,28.125,12.5
"168",638,"Cobalion","Steel","Fighting",90,129,1250000,1,3,1,109.5,27.375,-106.5,-43.875,112.5,10.875,-16.5
"169",639,"Terrakion","Rock","Fighting",129,90,1250000,1,3,1,109.5,27.375,-106.5,-4.875,112.5,49.875,22.5
"170",640,"Virizion","Grass","Fighting",90,72,1250000,1,3,1,81,20.25,-78,-8.25,84,32.25,12
"171",641,"Tornadus","Flying","",115,70,1250000,1,3,1,92.5,23.125,-89.5,2.375,95.5,48.625,25.5
"172",641,"Tornadus-Therian","Flying","",100,80,1250000,1,3,1,90,22.5,-87,-9.5,93,35.5,13
"173",642,"Thundurus","Electric","Flying",115,70,1250000,1,3,1,92.5,23.125,-89.5,2.375,95.5,48.625,25.5
"174",642,"Thundurus-Therian","Electric","Flying",105,70,1250000,1,3,1,87.5,21.875,-84.5,-1.375,90.5,42.375,20.5
"175",643,"Reshiram","Dragon","Fire",120,100,1250000,1,3,1,110,27.5,-107,-14.5,113,40.5,13
"176",644,"Zekrom","Dragon","Electric",150,120,1250000,1,3,1,135,33.75,-132,-15.75,138,51.75,18
"177",645,"Landorus","Ground","Flying",125,90,1250000,1,3,1,107.5,26.875,-104.5,-6.375,110.5,47.375,20.5
"178",645,"Landorus-Therian","Ground","Flying",145,90,1250000,1,3,1,117.5,29.375,-114.5,1.125,120.5,59.875,30.5
"179",646,"Kyurem","Dragon","Ice",130,90,1250000,1,3,1,110,27.5,-107,-4.5,113,50.5,23
"180",646,"White Kyurem","Dragon","Ice",120,90,1250000,1,3,1,105,26.25,-102,-8.25,108,44.25,18
"181",646,"Black Kyurem","Dragon","Ice",170,100,1250000,1,3,1,135,33.75,-132,4.25,138,71.75,38
"182",647,"Keldeo","Water","Fighting",72,90,1250000,1,3,1,81,20.25,-78,-26.25,84,14.25,-6
"183",648,"Meloetta","Normal","Psychic",77,77,1250000,1,3,1,77,19.25,-74,-16.25,80,22.25,3
"184",648,"Meloetta-Pirouette","Normal","Fighting",128,90,1250000,1,3,1,109,27.25,-106,-5.25,112,49.25,22
"185",649,"Genesect","Bug","Steel",120,95,1250000,1,3,1,107.5,26.875,-104.5,-11.375,110.5,42.375,15.5
"186",692,"Clauncher","Water","",53,62,1250000,0,225,0,57.5,14.375,167.5,206.125,282.5,234.875,220.5
"187",693,"Clawitzer","Water","",73,88,1250000,1,55,0,80.5,20.125,-25.5,27.375,135.5,67.625,47.5
"188",703,"Carbink","Rock","Fairy",50,150,1250000,1,60,0,100,25,-40,-15,160,35,10
"189",704,"Goomy","Dragon","",50,35,1250000,0,45,0,42.5,10.625,2.5,41.875,87.5,63.125,52.5
"190",705,"Sliggoo","Dragon","",75,53,1250000,0,45,0,64,16,-19,40,109,72,56
"191",706,"Goodra","Dragon","",100,70,1250000,1,45,0,85,21.25,-40,38.75,130,81.25,60
"192",716,"Xerneas","Fairy","",131,95,1250000,1,45,1,113,28.25,-68,34.75,158,91.25,63
"193",717,"Yveltal","Dark","Flying",131,95,1250000,1,45,1,113,28.25,-68,34.75,158,91.25,63
"194",718,"Zygarde","Dragon","Ground",100,121,1250000,1,3,1,110.5,27.625,-107.5,-35.125,113.5,20.125,-7.5
"195",718,"Zygarde 10%","Dragon","Ground",100,71,1250000,1,3,1,85.5,21.375,-82.5,-3.875,88.5,38.875,17.5
"196",718,"Zygarde Complete","Dragon","Ground",100,121,1250000,1,3,1,110.5,27.625,-107.5,-35.125,113.5,20.125,-7.5
"197",719,"Mega Diancie","Rock","Fairy",160,110,1250000,1,3,1,135,33.75,-132,-5.75,138,61.75,28
"198",719,"Diancie","Rock","Fairy",100,150,1250000,1,3,1,125,31.25,-122,-53.25,128,9.25,-22
"199",720,"Hoopa","Psychic","Ghost",110,60,1250000,1,3,1,85,21.25,-82,6.75,88,49.25,28
"200",720,"Hoopa Unbound","Psychic","Dark",160,60,1250000,1,3,1,110,27.5,-107,25.5,113,80.5,53
"201",721,"Volcanion","Fire","Water",110,120,1250000,1,3,1,115,28.75,-112,-30.75,118,26.75,-2
"202",765,"Oranguru","Normal","Psychic",60,80,1250000,1,45,0,70,17.5,-25,17.5,115,52.5,35
"203",766,"Passimian","Fighting","",120,90,1250000,1,45,0,105,26.25,-60,33.75,150,86.25,60
"204",772,"Type: Null","Normal","",95,95,1250000,0,3,1,95,23.75,-92,-20.75,98,26.75,3
"205",773,"Silvally","Normal","",95,95,1250000,1,3,1,95,23.75,-92,-20.75,98,26.75,3
"206",775,"Komala","Normal","",115,65,1250000,1,45,0,90,22.5,-45,47.5,135,92.5,70
"207",782,"Jangmo-o","Dragon","",55,65,1250000,0,45,0,60,15,-15,25,105,55,40
"208",783,"Hakamo-o","Dragon","Fighting",75,90,1250000,0,45,0,82.5,20.625,-37.5,16.875,127.5,58.125,37.5
"209",784,"Kommo-o","Dragon","Fighting",110,125,1250000,1,45,0,117.5,29.375,-72.5,8.125,162.5,66.875,37.5
"210",785,"Tapu Koko","Electric","Fairy",115,85,1250000,1,3,1,100,25,-97,-7,103,43,18
"211",786,"Tapu Lele","Psychic","Fairy",85,75,1250000,1,3,1,80,20,-77,-12,83,28,8
"212",787,"Tapu Bulu","Grass","Fairy",130,115,1250000,1,3,1,122.5,30.625,-119.5,-20.125,125.5,41.125,10.5
"213",788,"Tapu Fini","Water","Fairy",75,115,1250000,1,3,1,95,23.75,-92,-40.75,98,6.75,-17
"214",789,"Cosmog","Psychic","",29,31,1250000,0,45,1,30,7.5,15,36.5,75,51.5,44
"215",790,"Cosmoem","Psychic","",29,131,1250000,0,45,1,80,20,-35,-26,125,14,-6
"216",791,"Solgaleo","Psychic","Steel",137,107,1250000,1,45,1,122,30.5,-77,29.5,167,90.5,60
"217",792,"Lunala","Psychic","Ghost",113,89,1250000,1,45,1,101,25.25,-56,31.75,146,82.25,57
"218",793,"Nihilego","Rock","Poison",53,47,1250000,1,45,1,50,12.5,-5,35.5,95,60.5,48
"219",794,"Buzzwole","Bug","Fighting",139,139,1250000,1,45,1,139,34.75,-94,10.25,184,79.75,45
"220",795,"Pheromosa","Bug","Fighting",137,37,1250000,1,45,1,87,21.75,-42,73.25,132,116.75,95
"221",796,"Xurkitree","Electric","",89,71,1250000,1,45,1,80,20,-35,34,125,74,54
"222",797,"Celesteela","Steel","Flying",101,103,1250000,1,45,1,102,25.5,-57,18.5,147,69.5,44
"223",798,"Kartana","Grass","Steel",181,131,1250000,1,45,1,156,39,-111,31,201,109,70
"224",799,"Guzzlord","Dark","Dragon",101,53,1250000,1,45,1,77,19.25,-32,49.75,122,88.25,69
"225",800,"Necrozma","Psychic","",107,101,1250000,1,255,1,104,26,151,232,359,284,258
"226",800,"Dusk Mane Necrozma","Psychic","Steel",157,127,1250000,1,255,1,142,35.5,113,234.5,397,305.5,270
"227",800,"Dawn Wings Necrozma","Psychic","Ghost",113,109,1250000,1,255,1,111,27.75,144,229.25,366,284.75,257
"228",800,"Ultra Necrozma","Psychic","Dragon",167,97,1250000,1,255,1,132,33,123,257,387,323,290
"229",801,"Magearna","Steel","Fairy",95,115,1250000,1,3,1,105,26.25,-102,-33.25,108,19.25,-7
"230",802,"Marshadow","Fighting","Ghost",125,80,1250000,1,3,1,102.5,25.625,-99.5,-0.125,105.5,51.125,25.5
"231",803,"Poipole","Poison","",73,67,1250000,0,45,1,70,17.5,-25,30.5,115,65.5,48
"232",804,"Naganadel","Poison","Dragon",73,73,1250000,1,45,1,73,18.25,-28,26.75,118,63.25,45
"233",805,"Stakataka","Rock","Steel",131,211,1250000,1,30,1,171,42.75,-141,-52.75,201,32.75,-10
"234",806,"Blacephalon","Fire","Ghost",127,53,1250000,1,30,1,90,22.5,-60,44.5,120,89.5,67
"235",807,"Zeraora","Electric","",112,75,1250000,1,3,1,93.5,23.375,-90.5,-1.875,96.5,44.875,21.5
"236",808,"Meltan","Steel","",65,65,1250000,0,3,1,65,16.25,-62,-13.25,68,19.25,3
"237",809,"Melmetal","Steel","",143,143,1250000,1,3,1,143,35.75,-140,-32.75,146,38.75,3
"238",846,"Arrokuda","Water","",63,40,1250000,0,255,0,51.5,12.875,203.5,253.625,306.5,279.375,266.5
"239",847,"Barraskewda","Water","",123,60,1250000,1,60,0,91.5,22.875,-31.5,68.625,151.5,114.375,91.5
"240",856,"Hatenna","Psychic","",30,45,1250000,0,235,0,37.5,9.375,197.5,218.125,272.5,236.875,227.5
"241",857,"Hattrem","Psychic","",40,65,1250000,0,120,0,52.5,13.125,67.5,94.375,172.5,120.625,107.5
"242",858,"Hatterene","Psychic","Fairy",90,95,1250000,1,45,0,92.5,23.125,-47.5,19.375,137.5,65.625,42.5
"243",874,"Stonjourner","Rock","",125,135,1250000,1,60,0,130,32.5,-70,22.5,190,87.5,55
"244",875,"Eiscue","Ice","",80,110,1250000,0,60,0,95,23.75,-35,21.25,155,68.75,45
"245",875,"Eiscue Noice Face","Ice","",80,70,1250000,0,60,0,75,18.75,-15,46.25,135,83.75,65
"246",880,"Dracozolt","Electric","Dragon",100,90,1250000,1,45,0,95,23.75,-50,26.25,140,73.75,50
"247",881,"Arctozolt","Electric","Ice",100,90,1250000,1,45,0,95,23.75,-50,26.25,140,73.75,50
"248",882,"Dracovish","Water","Dragon",90,100,1250000,1,45,0,95,23.75,-50,16.25,140,63.75,40
"249",883,"Arctovish","Water","Ice",90,100,1250000,1,45,0,95,23.75,-50,16.25,140,63.75,40
"250",885,"Dreepy","Dragon","Ghost",60,30,1250000,0,45,0,45,11.25,0,48.75,90,71.25,60
"251",886,"Drakloak","Dragon","Ghost",80,50,1250000,0,45,0,65,16.25,-20,43.75,110,76.25,60
"252",887,"Dragapult","Dragon","Ghost",120,75,1250000,1,45,0,97.5,24.375,-52.5,43.125,142.5,91.875,67.5
"253",888,"Zacian","Fairy","",130,115,1250000,1,10,1,122.5,30.625,-112.5,-13.125,132.5,48.125,17.5
"254",888,"Zacian Crowned Sword","Fairy","Steel",170,115,1250000,1,10,1,142.5,35.625,-132.5,1.875,152.5,73.125,37.5
"255",889,"Zamazenta","Fighting","",130,115,1250000,1,10,1,122.5,30.625,-112.5,-13.125,132.5,48.125,17.5
"256",889,"Zamazenta Crowned Shield","Fighting","Steel",130,145,1250000,1,10,1,137.5,34.375,-127.5,-31.875,147.5,36.875,2.5
"257",890,"Eternatus","Poison","Dragon",85,95,1250000,1,255,1,90,22.5,165,227.5,345,272.5,250
"258",891,"Kubfu","Fighting","",90,60,1250000,0,3,1,75,18.75,-72,-0.75,78,36.75,18
"259",892,"Urshifu Rapid Strike Style","Fighting","Water",130,100,1250000,1,3,1,115,28.75,-112,-10.75,118,46.75,18
"260",892,"Urshifu Single Strike Style","Fighting","Dark",130,100,1250000,1,3,1,115,28.75,-112,-10.75,118,46.75,18
"261",893,"Zarude","Dark","Grass",120,105,1250000,1,3,1,112.5,28.125,-109.5,-17.625,115.5,38.625,10.5
"262",894,"Regieleki","Electric","",100,50,1250000,1,3,1,75,18.75,-72,9.25,78,46.75,28
"263",895,"Regidrago","Dragon","",100,50,1250000,1,3,1,75,18.75,-72,9.25,78,46.75,28
"264",896,"Glastrier","Ice","",145,130,1250000,1,3,1,137.5,34.375,-134.5,-23.875,140.5,44.875,10.5
"265",897,"Spectrier","Ghost","",65,60,1250000,1,3,1,62.5,15.625,-59.5,-10.125,65.5,21.125,5.5
"266",898,"Calyrex","Psychic","Grass",80,80,1250000,1,3,1,80,20,-77,-17,83,23,3
"267",898,"Calyrex Ice Rider","Psychic","Ice",165,150,1250000,1,3,1,157.5,39.375,-154.5,-28.875,160.5,49.875,10.5
"268",898,"Calyrex Shadow Rider","Psychic","Ghost",85,80,1250000,1,3,1,82.5,20.625,-79.5,-15.125,85.5,26.125,5.5
"269",1,"Bulbasaur","Grass","Poison",49,49,1059860,0,45,0,49,12.25,-4,32.75,94,57.25,45
"270",2,"Ivysaur","Grass","Poison",62,63,1059860,0,45,0,62.5,15.625,-17.5,28.875,107.5,60.125,44.5
"271",3,"Venusaur","Grass","Poison",82,83,1059860,1,45,0,82.5,20.625,-37.5,23.875,127.5,65.125,44.5
"272",3,"Mega Venusaur","Grass","Poison",100,123,1059860,1,45,0,111.5,27.875,-66.5,5.625,156.5,61.375,33.5
"273",4,"Charmander","Fire","",52,43,1059860,0,45,0,47.5,11.875,-2.5,37.625,92.5,61.375,49.5
"274",5,"Charmeleon","Fire","",64,58,1059860,0,45,0,61,15.25,-16,32.75,106,63.25,48
"275",6,"Charizard","Fire","Flying",84,78,1059860,1,45,0,81,20.25,-36,27.75,126,68.25,48
"276",6,"Mega Charizard Y","Fire","Flying",104,78,1059860,1,45,0,91,22.75,-46,35.25,136,80.75,58
"277",6,"Mega Charizard X","Fire","Dragon",130,111,1059860,1,45,0,120.5,30.125,-75.5,24.375,165.5,84.625,54.5
"278",7,"Squirtle","Water","",48,65,1059860,0,45,0,56.5,14.125,-11.5,22.375,101.5,50.625,36.5
"279",8,"Wartortle","Water","",63,80,1059860,0,45,0,71.5,17.875,-26.5,18.625,116.5,54.375,36.5
"280",9,"Blastoise","Water","",83,100,1059860,1,45,0,91.5,22.875,-46.5,13.625,136.5,59.375,36.5
"281",9,"Mega Blastoise","Water","",103,120,1059860,1,45,0,111.5,27.875,-66.5,8.625,156.5,64.375,36.5
"282",16,"Pidgey","Normal","Flying",45,40,1059860,0,255,0,42.5,10.625,212.5,246.875,297.5,268.125,257.5
"283",17,"Pidgeotto","Normal","Flying",60,55,1059860,0,120,0,57.5,14.375,62.5,108.125,177.5,136.875,122.5
"284",18,"Pidgeot","Normal","Flying",80,75,1059860,1,45,0,77.5,19.375,-32.5,28.125,122.5,66.875,47.5
"285",18,"Mega Pidgeot","Normal","Flying",80,80,1059860,1,45,0,80,20,-35,25,125,65,45
"286",29,"Nidoran?£á","Poison","",47,52,1059860,0,235,0,49.5,12.375,185.5,220.125,284.5,244.875,232.5
"287",30,"Nidorina","Poison","",62,67,1059860,0,120,0,64.5,16.125,55.5,101.375,184.5,133.625,117.5
"288",31,"Nidoqueen","Poison","Ground",92,87,1059860,1,45,0,89.5,22.375,-44.5,25.125,134.5,69.875,47.5
"289",33,"Nidorino","Poison","",72,57,1059860,0,120,0,64.5,16.125,55.5,111.375,184.5,143.625,127.5
"290",34,"Nidoking","Poison","Ground",102,77,1059860,1,45,0,89.5,22.375,-44.5,35.125,134.5,79.875,57.5
"291",43,"Oddish","Grass","Poison",50,55,1059860,0,255,0,52.5,13.125,202.5,239.375,307.5,265.625,252.5
"292",44,"Gloom","Grass","Poison",65,70,1059860,0,120,0,67.5,16.875,52.5,100.625,187.5,134.375,117.5
"293",45,"Vileplume","Grass","Poison",80,85,1059860,1,45,0,82.5,20.625,-37.5,21.875,127.5,63.125,42.5
"294",60,"Poliwag","Water","",50,40,1059860,0,255,0,45,11.25,210,248.75,300,271.25,260
"295",61,"Poliwhirl","Water","",65,65,1059860,0,120,0,65,16.25,55,103.75,185,136.25,120
"296",62,"Poliwrath","Water","Fighting",95,95,1059860,1,45,0,95,23.75,-50,21.25,140,68.75,45
"297",63,"Abra","Psychic","",20,15,1059860,0,200,0,17.5,4.375,182.5,198.125,217.5,206.875,202.5
"298",64,"Kadabra","Psychic","",35,30,1059860,0,100,0,32.5,8.125,67.5,94.375,132.5,110.625,102.5
"299",65,"Alakazam","Psychic","",50,45,1059860,1,50,0,47.5,11.875,2.5,40.625,97.5,64.375,52.5
"300",65,"Mega Alakazam","Psychic","",50,65,1059860,1,50,0,57.5,14.375,-7.5,28.125,107.5,56.875,42.5
"301",66,"Machop","Fighting","",80,50,1059860,0,180,0,65,16.25,115,178.75,245,211.25,195
"302",67,"Machoke","Fighting","",100,70,1059860,0,90,0,85,21.25,5,83.75,175,126.25,105
"303",68,"Machamp","Fighting","",130,80,1059860,1,45,0,105,26.25,-60,43.75,150,96.25,70
"304",69,"Bellsprout","Grass","Poison",75,35,1059860,0,255,0,55,13.75,200,261.25,310,288.75,275
"305",70,"Weepinbell","Grass","Poison",90,50,1059860,0,120,0,70,17.5,50,122.5,190,157.5,140
"306",71,"Victreebel","Grass","Poison",105,65,1059860,1,45,0,85,21.25,-40,43.75,130,86.25,65
"307",74,"Geodude","Rock","Ground",80,100,1059860,0,255,0,90,22.5,165,222.5,345,267.5,245
"308",74,"Alolan Geodude","Rock","Electric",80,100,1059860,0,255,0,90,22.5,165,222.5,345,267.5,245
"309",75,"Graveler","Rock","Ground",95,115,1059860,0,120,0,105,26.25,15,83.75,225,136.25,110
"310",75,"Alolan Graveler","Rock","Electric",95,115,1059860,0,120,0,105,26.25,15,83.75,225,136.25,110
"311",76,"Golem","Rock","Ground",120,130,1059860,1,45,0,125,31.25,-80,8.75,170,71.25,40
"312",76,"Alolan Golem","Rock","Electric",120,130,1059860,1,45,0,125,31.25,-80,8.75,170,71.25,40
"313",92,"Gastly","Ghost","Poison",35,30,1059860,0,190,0,32.5,8.125,157.5,184.375,222.5,200.625,192.5
"314",93,"Haunter","Ghost","Poison",50,45,1059860,0,90,0,47.5,11.875,42.5,80.625,137.5,104.375,92.5
"315",94,"Gengar","Ghost","Poison",65,60,1059860,1,45,0,62.5,15.625,-17.5,31.875,107.5,63.125,47.5
"316",94,"Mega Gengar","Ghost","Poison",65,80,1059860,1,45,0,72.5,18.125,-27.5,19.375,117.5,55.625,37.5
"317",151,"Mew","Psychic","",100,100,1059860,1,45,1,100,25,-55,20,145,70,45
"318",152,"Chikorita","Grass","",49,65,1059860,0,45,0,57,14.25,-12,22.75,102,51.25,37
"319",153,"Bayleef","Grass","",62,80,1059860,0,45,0,71,17.75,-26,18.25,116,53.75,36
"320",154,"Meganium","Grass","",82,100,1059860,1,45,0,91,22.75,-46,13.25,136,58.75,36
"321",155,"Cyndaquil","Fire","",52,43,1059860,0,45,0,47.5,11.875,-2.5,37.625,92.5,61.375,49.5
"322",156,"Quilava","Fire","",64,58,1059860,0,45,0,61,15.25,-16,32.75,106,63.25,48
"323",157,"Typhlosion","Fire","",84,78,1059860,1,45,0,81,20.25,-36,27.75,126,68.25,48
"324",158,"Totodile","Water","",65,64,1059860,0,45,0,64.5,16.125,-19.5,29.375,109.5,61.625,45.5
"325",159,"Croconaw","Water","",80,80,1059860,0,45,0,80,20,-35,25,125,65,45
"326",160,"Feraligatr","Water","",105,100,1059860,1,45,0,102.5,25.625,-57.5,21.875,147.5,73.125,47.5
"327",179,"Mareep","Electric","",40,40,1059860,0,235,0,40,10,195,225,275,245,235
"328",180,"Flaaffy","Electric","",55,55,1059860,0,120,0,55,13.75,65,106.25,175,133.75,120
"329",181,"Ampharos","Electric","",75,85,1059860,1,45,0,80,20,-35,20,125,60,40
"330",181,"Mega Ampharos","Electric","Dragon",95,105,1059860,1,45,0,100,25,-55,15,145,65,40
"331",182,"Bellossom","Grass","",80,95,1059860,1,45,0,87.5,21.875,-42.5,15.625,132.5,59.375,37.5
"332",186,"Politoed","Water","",75,75,1059860,1,45,0,75,18.75,-30,26.25,120,63.75,45
"333",187,"Hoppip","Grass","Flying",35,40,1059860,0,255,0,37.5,9.375,217.5,243.125,292.5,261.875,252.5
"334",188,"Skiploom","Grass","Flying",45,50,1059860,0,120,0,47.5,11.875,72.5,105.625,167.5,129.375,117.5
"335",189,"Jumpluff","Grass","Flying",55,70,1059860,1,45,0,62.5,15.625,-17.5,21.875,107.5,53.125,37.5
"336",191,"Sunkern","Grass","",30,30,1059860,0,235,0,30,7.5,205,227.5,265,242.5,235
"337",192,"Sunflora","Grass","",75,55,1059860,1,120,0,65,16.25,55,113.75,185,146.25,130
"338",198,"Murkrow","Dark","Flying",85,42,1059860,0,30,0,63.5,15.875,-33.5,35.625,93.5,67.375,51.5
"339",207,"Gligar","Ground","Flying",75,105,1059860,0,60,0,90,22.5,-30,22.5,150,67.5,45
"340",213,"Shuckle","Bug","Rock",10,230,1059860,1,190,0,120,30,70,50,310,110,80
"341",215,"Sneasel","Dark","Ice",95,55,1059860,0,60,0,75,18.75,-15,61.25,135,98.75,80
"342",251,"Celebi","Psychic","Grass",100,100,1059860,1,45,1,100,25,-55,20,145,70,45
"343",252,"Treecko","Grass","",45,35,1059860,0,45,0,40,10,5,40,85,60,50
"344",253,"Grovyle","Grass","",65,45,1059860,0,45,0,55,13.75,-10,41.25,100,68.75,55
"345",254,"Sceptile","Grass","",85,65,1059860,1,45,0,75,18.75,-30,36.25,120,73.75,55
"346",254,"Mega Sceptile","Grass","Dragon",110,75,1059860,1,45,0,92.5,23.125,-47.5,39.375,137.5,85.625,62.5
"347",255,"Torchic","Fire","",60,40,1059860,0,45,0,50,12.5,-5,42.5,95,67.5,55
"348",256,"Combusken","Fire","Fighting",85,60,1059860,0,45,0,72.5,18.125,-27.5,39.375,117.5,75.625,57.5
"349",257,"Blaziken","Fire","Fighting",120,70,1059860,1,45,0,95,23.75,-50,46.25,140,93.75,70
"350",257,"Mega Blaziken","Fire","Fighting",160,80,1059860,1,45,0,120,30,-75,55,165,115,85
"351",258,"Mudkip","Water","",70,50,1059860,0,45,0,60,15,-15,40,105,70,55
"352",259,"Marshtomp","Water","Ground",85,70,1059860,0,45,0,77.5,19.375,-32.5,33.125,122.5,71.875,52.5
"353",260,"Swampert","Water","Ground",110,90,1059860,1,45,0,100,25,-55,30,145,80,55
"354",260,"Mega Swampert","Water","Ground",150,110,1059860,1,45,0,130,32.5,-85,32.5,175,97.5,65
"355",270,"Lotad","Water","Grass",30,30,1059860,0,255,0,30,7.5,225,247.5,285,262.5,255
"356",271,"Lombre","Water","Grass",50,50,1059860,0,120,0,50,12.5,70,107.5,170,132.5,120
"357",272,"Ludicolo","Water","Grass",70,70,1059860,1,45,0,70,17.5,-25,27.5,115,62.5,45
"358",273,"Seedot","Grass","",40,50,1059860,0,255,0,45,11.25,210,238.75,300,261.25,250
"359",274,"Nuzleaf","Grass","Dark",70,40,1059860,0,120,0,55,13.75,65,121.25,175,148.75,135
"360",275,"Shiftry","Grass","Dark",100,60,1059860,1,45,0,80,20,-35,45,125,85,65
"361",276,"Taillow","Normal","Flying",55,30,1059860,0,200,0,42.5,10.625,157.5,201.875,242.5,223.125,212.5
"362",277,"Swellow","Normal","Flying",85,60,1059860,1,45,0,72.5,18.125,-27.5,39.375,117.5,75.625,57.5
"363",293,"Whismur","Normal","",51,23,1059860,0,190,0,37,9.25,153,194.75,227,213.25,204
"364",294,"Loudred","Normal","",71,43,1059860,0,120,0,57,14.25,63,119.75,177,148.25,134
"365",295,"Exploud","Normal","",91,63,1059860,1,45,0,77,19.25,-32,39.75,122,78.25,59
"366",302,"Sableye","Dark","Ghost",75,75,1059860,1,45,0,75,18.75,-30,26.25,120,63.75,45
"367",302,"Mega Sableye","Dark","Ghost",85,125,1059860,1,45,0,105,26.25,-60,-1.25,150,51.25,25
"368",315,"Roselia","Grass","Poison",60,45,1059860,0,150,0,52.5,13.125,97.5,144.375,202.5,170.625,157.5
"369",328,"Trapinch","Ground","",100,45,1059860,0,255,0,72.5,18.125,182.5,264.375,327.5,300.625,282.5
"370",329,"Vibrava","Ground","Dragon",70,50,1059860,0,120,0,60,15,60,115,180,145,130
"371",330,"Flygon","Ground","Dragon",100,80,1059860,1,45,0,90,22.5,-45,32.5,135,77.5,55
"372",331,"Cacnea","Grass","",85,40,1059860,0,190,0,62.5,15.625,127.5,196.875,252.5,228.125,212.5
"373",332,"Cacturne","Grass","Dark",115,60,1059860,1,60,0,87.5,21.875,-27.5,65.625,147.5,109.375,87.5
"374",352,"Kecleon","Normal","",90,70,1059860,1,200,0,80,20,120,190,280,230,210
"375",359,"Absol","Dark","",130,60,1059860,1,30,0,95,23.75,-65,41.25,125,88.75,65
"376",359,"Mega Absol","Dark","",150,60,1059860,1,30,0,105,26.25,-75,48.75,135,101.25,75
"377",363,"Spheal","Ice","Water",40,50,1059860,0,255,0,45,11.25,210,238.75,300,261.25,250
"378",364,"Sealeo","Ice","Water",60,70,1059860,0,120,0,65,16.25,55,98.75,185,131.25,115
"379",365,"Walrein","Ice","Water",80,90,1059860,1,45,0,85,21.25,-40,18.75,130,61.25,40
"380",387,"Turtwig","Grass","",68,64,1059860,0,45,0,66,16.5,-21,30.5,111,63.5,47
"381",388,"Grotle","Grass","",89,85,1059860,0,45,0,87,21.75,-42,25.25,132,68.75,47
"382",389,"Torterra","Grass","Ground",109,105,1059860,1,45,0,107,26.75,-62,20.25,152,73.75,47
"383",390,"Chimchar","Fire","",58,44,1059860,0,45,0,51,12.75,-6,39.25,96,64.75,52
"384",391,"Monferno","Fire","Fighting",78,52,1059860,0,45,0,65,16.25,-20,41.75,110,74.25,58
"385",392,"Infernape","Fire","Fighting",104,71,1059860,1,45,0,87.5,21.875,-42.5,39.625,132.5,83.375,61.5
"386",393,"Piplup","Water","",51,53,1059860,0,45,0,52,13,-7,31,97,57,44
"387",394,"Prinplup","Water","",66,68,1059860,0,45,0,67,16.75,-22,27.25,112,60.75,44
"388",395,"Empoleon","Water","Steel",86,88,1059860,1,45,0,87,21.75,-42,22.25,132,65.75,44
"389",396,"Starly","Normal","Flying",55,30,1059860,0,255,0,42.5,10.625,212.5,256.875,297.5,278.125,267.5
"390",397,"Staravia","Normal","Flying",75,50,1059860,0,120,0,62.5,15.625,57.5,116.875,182.5,148.125,132.5
"391",398,"Staraptor","Normal","Flying",120,70,1059860,1,45,0,95,23.75,-50,46.25,140,93.75,70
"392",401,"Kricketot","Bug","",25,41,1059860,0,255,0,33,8.25,222,238.75,288,255.25,247
"393",402,"Kricketune","Bug","",85,51,1059860,1,45,0,68,17,-23,45,113,79,62
"394",403,"Shinx","Electric","",65,34,1059860,0,235,0,49.5,12.375,185.5,238.125,284.5,262.875,250.5
"395",404,"Luxio","Electric","",85,49,1059860,0,120,0,67,16.75,53,121.25,187,154.75,138
"396",405,"Luxray","Electric","",120,79,1059860,1,45,0,99.5,24.875,-54.5,40.625,144.5,90.375,65.5
"397",406,"Budew","Grass","Poison",30,35,1059860,0,255,0,32.5,8.125,222.5,244.375,287.5,260.625,252.5
"398",407,"Roserade","Grass","Poison",70,65,1059860,1,75,0,67.5,16.875,7.5,60.625,142.5,94.375,77.5
"399",415,"Combee","Bug","Flying",30,42,1059860,0,120,0,36,9,84,105,156,123,114
"400",416,"Vespiquen","Bug","Flying",80,102,1059860,1,45,0,91,22.75,-46,11.25,136,56.75,34
"401",430,"Honchkrow","Dark","Flying",125,52,1059860,1,30,0,88.5,22.125,-58.5,44.375,118.5,88.625,66.5
"402",441,"Chatot","Normal","Flying",65,45,1059860,1,30,0,55,13.75,-25,26.25,85,53.75,40
"403",447,"Riolu","Fighting","",70,40,1059860,0,75,0,55,13.75,20,76.25,130,103.75,90
"404",448,"Lucario","Fighting","Steel",110,70,1059860,1,45,0,90,22.5,-45,42.5,135,87.5,65
"405",448,"Mega Lucario","Fighting","Steel",145,88,1059860,1,45,0,116.5,29.125,-71.5,44.375,161.5,102.625,73.5
"406",461,"Weavile","Dark","Ice",120,65,1059860,1,45,0,92.5,23.125,-47.5,49.375,137.5,95.625,72.5
"407",472,"Gliscor","Ground","Flying",95,125,1059860,1,30,0,110,27.5,-80,-12.5,140,42.5,15
"408",492,"Shaymin","Grass","",100,100,1059860,1,45,1,100,25,-55,20,145,70,45
"409",492,"Shaymin-Sky","Grass","Flying",103,75,1059860,1,45,1,89,22.25,-44,36.75,134,81.25,59
"410",495,"Snivy","Grass","",45,55,1059860,0,45,0,50,12.5,-5,27.5,95,52.5,40
"411",496,"Servine","Grass","",60,75,1059860,0,45,0,67.5,16.875,-22.5,20.625,112.5,54.375,37.5
"412",497,"Serperior","Grass","",75,95,1059860,1,45,0,85,21.25,-40,13.75,130,56.25,35
"413",498,"Tepig","Fire","",63,45,1059860,0,45,0,54,13.5,-9,40.5,99,67.5,54
"414",499,"Pignite","Fire","Fighting",93,55,1059860,0,45,0,74,18.5,-29,45.5,119,82.5,64
"415",500,"Emboar","Fire","Fighting",123,65,1059860,1,45,0,94,23.5,-49,50.5,139,97.5,74
"416",501,"Oshawott","Water","",55,45,1059860,0,45,0,50,12.5,-5,37.5,95,62.5,50
"417",502,"Dewott","Water","",75,60,1059860,0,45,0,67.5,16.875,-22.5,35.625,112.5,69.375,52.5
"418",503,"Samurott","Water","",100,85,1059860,1,45,0,92.5,23.125,-47.5,29.375,137.5,75.625,52.5
"419",506,"Lillipup","Normal","",60,45,1059860,0,255,0,52.5,13.125,202.5,249.375,307.5,275.625,262.5
"420",507,"Herdier","Normal","",80,65,1059860,0,120,0,72.5,18.125,47.5,109.375,192.5,145.625,127.5
"421",508,"Stoutland","Normal","",110,90,1059860,1,45,0,100,25,-55,30,145,80,55
"422",519,"Pidove","Normal","Flying",55,50,1059860,0,255,0,52.5,13.125,202.5,244.375,307.5,270.625,257.5
"423",520,"Tranquill","Normal","Flying",77,62,1059860,0,120,0,69.5,17.375,50.5,110.125,189.5,144.875,127.5
"424",521,"Unfezant","Normal","Flying",115,80,1059860,1,45,0,97.5,24.375,-52.5,38.125,142.5,86.875,62.5
"425",524,"Roggenrola","Rock","",75,85,1059860,0,255,0,80,20,175,230,335,270,250
"426",525,"Boldore","Rock","",105,105,1059860,0,120,0,105,26.25,15,93.75,225,146.25,120
"427",526,"Gigalith","Rock","",135,130,1059860,1,45,0,132.5,33.125,-87.5,14.375,177.5,80.625,47.5
"428",532,"Timburr","Fighting","",80,55,1059860,0,180,0,67.5,16.875,112.5,175.625,247.5,209.375,192.5
"429",533,"Gurdurr","Fighting","",105,85,1059860,0,90,0,95,23.75,-5,76.25,185,123.75,100
"430",534,"Conkeldurr","Fighting","",140,95,1059860,1,45,0,117.5,29.375,-72.5,38.125,162.5,96.875,67.5
"431",535,"Tympole","Water","",50,40,1059860,0,255,0,45,11.25,210,248.75,300,271.25,260
"432",536,"Palpitoad","Water","Ground",65,55,1059860,0,120,0,60,15,60,110,180,140,125
"433",537,"Seismitoad","Water","Ground",95,75,1059860,1,45,0,85,21.25,-40,33.75,130,76.25,55
"434",540,"Sewaddle","Bug","Grass",53,70,1059860,0,255,0,61.5,15.375,193.5,231.125,316.5,261.875,246.5
"435",541,"Swadloon","Bug","Grass",63,90,1059860,0,120,0,76.5,19.125,43.5,87.375,196.5,125.625,106.5
"436",542,"Leavanny","Bug","Grass",103,80,1059860,1,45,0,91.5,22.875,-46.5,33.625,136.5,79.375,56.5
"437",543,"Venipede","Bug","Poison",45,59,1059860,0,255,0,52,13,203,235,307,261,248
"438",544,"Whirlipede","Bug","Poison",55,99,1059860,0,120,0,77,19.25,43,78.75,197,117.25,98
"439",545,"Scolipede","Bug","Poison",100,89,1059860,1,45,0,94.5,23.625,-49.5,26.875,139.5,74.125,50.5
"440",551,"Sandile","Ground","Dark",72,35,1059860,0,180,0,53.5,13.375,126.5,185.125,233.5,211.875,198.5
"441",552,"Krokorok","Ground","Dark",82,45,1059860,0,90,0,63.5,15.875,26.5,92.625,153.5,124.375,108.5
"442",553,"Krookodile","Ground","Dark",117,80,1059860,1,45,0,98.5,24.625,-53.5,38.875,143.5,88.125,63.5
"443",554,"Darumaka","Fire","",90,45,1059860,0,120,0,67.5,16.875,52.5,125.625,187.5,159.375,142.5
"444",554,"Galarian Darumaka","Ice","",90,45,1059860,0,120,0,67.5,16.875,52.5,125.625,187.5,159.375,142.5
"445",555,"Darmanitan","Fire","",140,55,1059860,0,60,0,97.5,24.375,-37.5,78.125,157.5,126.875,102.5
"446",555,"Darmanitan Zen-Mode","Fire","Psychic",30,105,1059860,0,60,0,67.5,16.875,-7.5,5.625,127.5,39.375,22.5
"447",555,"Galarian Darmanitan","Ice","",140,55,1059860,0,60,0,97.5,24.375,-37.5,78.125,157.5,126.875,102.5
"448",555,"Galarian Darmanitan Zen-Mode","Ice","Fire",160,55,1059860,0,60,0,107.5,26.875,-47.5,85.625,167.5,139.375,112.5
"449",570,"Zorua","Dark","",65,40,1059860,0,75,0,52.5,13.125,22.5,74.375,127.5,100.625,87.5
"450",571,"Zoroark","Dark","",105,60,1059860,1,45,0,82.5,20.625,-37.5,46.875,127.5,88.125,67.5
"451",574,"Gothita","Psychic","",30,50,1059860,0,200,0,40,10,160,180,240,200,190
"452",575,"Gothorita","Psychic","",45,70,1059860,0,100,0,57.5,14.375,42.5,73.125,157.5,101.875,87.5
"453",576,"Gothitelle","Psychic","",55,95,1059860,1,50,0,75,18.75,-25,11.25,125,48.75,30
"454",577,"Solosis","Psychic","",30,40,1059860,0,200,0,35,8.75,165,186.25,235,203.75,195
"455",578,"Duosion","Psychic","",40,50,1059860,0,100,0,45,11.25,55,83.75,145,106.25,95
"456",579,"Reuniclus","Psychic","",65,75,1059860,1,50,0,70,17.5,-20,27.5,120,62.5,45
"457",599,"Klink","Steel","",55,70,1059860,0,130,0,62.5,15.625,67.5,106.875,192.5,138.125,122.5
"458",600,"Klang","Steel","",80,95,1059860,0,60,0,87.5,21.875,-27.5,30.625,147.5,74.375,52.5
"459",601,"Klinklang","Steel","",100,115,1059860,1,30,0,107.5,26.875,-77.5,-4.375,137.5,49.375,22.5
"460",607,"Litwick","Ghost","Fire",30,55,1059860,0,190,0,42.5,10.625,147.5,166.875,232.5,188.125,177.5
"461",608,"Lampent","Ghost","Fire",40,60,1059860,0,90,0,50,12.5,40,67.5,140,92.5,80
"462",609,"Chandelure","Ghost","Fire",55,90,1059860,1,45,0,72.5,18.125,-27.5,9.375,117.5,45.625,27.5
"463",619,"Mienfoo","Fighting","",85,50,1059860,0,180,0,67.5,16.875,112.5,180.625,247.5,214.375,197.5
"464",620,"Mienshao","Fighting","",125,60,1059860,1,45,0,92.5,23.125,-47.5,54.375,137.5,100.625,77.5
"465",650,"Chespin","Grass","",61,65,1059860,0,45,0,63,15.75,-18,27.25,108,58.75,43
"466",651,"Quilladin","Grass","",78,95,1059860,0,45,0,86.5,21.625,-41.5,14.875,131.5,58.125,36.5
"467",652,"Chesnaught","Grass","Fighting",107,122,1059860,1,45,0,114.5,28.625,-69.5,8.875,159.5,66.125,37.5
"468",653,"Fennekin","Fire","",45,40,1059860,0,45,0,42.5,10.625,2.5,36.875,87.5,58.125,47.5
"469",654,"Braixen","Fire","",59,58,1059860,0,45,0,58.5,14.625,-13.5,30.875,103.5,60.125,45.5
"470",655,"Delphox","Fire","Psychic",69,72,1059860,1,45,0,70.5,17.625,-25.5,25.875,115.5,61.125,43.5
"471",656,"Froakie","Water","",56,40,1059860,0,45,0,48,12,-3,41,93,65,53
"472",657,"Frogadier","Water","",63,52,1059860,0,45,0,57.5,14.375,-12.5,36.125,102.5,64.875,50.5
"473",658,"Greninja","Water","Dark",95,67,1059860,1,45,0,81,20.25,-36,38.75,126,79.25,59
"474",658,"Ash-Greninja","Water","Dark",145,67,1059860,1,45,0,106,26.5,-61,57.5,151,110.5,84
"475",661,"Fletchling","Normal","Flying",50,43,1059860,0,255,0,46.5,11.625,208.5,246.875,301.5,270.125,258.5
"476",662,"Fletchinder","Fire","Flying",73,55,1059860,0,120,0,64,16,56,113,184,145,129
"477",663,"Talonflame","Fire","Flying",81,71,1059860,1,45,0,76,19,-31,31,121,69,50
"478",667,"Litleo","Fire","Normal",50,58,1059860,0,220,0,54,13.5,166,202.5,274,229.5,216
"479",668,"Pyroar","Fire","Normal",68,72,1059860,1,65,0,70,17.5,-5,45.5,135,80.5,63
"480",722,"Rowlet","Grass","Flying",55,55,1059860,0,45,0,55,13.75,-10,31.25,100,58.75,45
"481",723,"Dartrix","Grass","Flying",75,75,1059860,0,45,0,75,18.75,-30,26.25,120,63.75,45
"482",724,"Decidueye","Grass","Ghost",107,75,1059860,1,45,0,91,22.75,-46,38.25,136,83.75,61
"483",725,"Litten","Fire","",65,40,1059860,0,45,0,52.5,13.125,-7.5,44.375,97.5,70.625,57.5
"484",726,"Torracat","Fire","",85,50,1059860,0,45,0,67.5,16.875,-22.5,45.625,112.5,79.375,62.5
"485",727,"Incineroar","Fire","Dark",115,90,1059860,1,45,0,102.5,25.625,-57.5,31.875,147.5,83.125,57.5
"486",728,"Popplio","Water","",54,54,1059860,0,45,0,54,13.5,-9,31.5,99,58.5,45
"487",729,"Brionne","Water","",69,69,1059860,0,45,0,69,17.25,-24,27.75,114,62.25,45
"488",730,"Primarina","Water","Fairy",74,74,1059860,1,45,0,74,18.5,-29,26.5,119,63.5,45
"489",761,"Bounsweet","Grass","",30,38,1059860,0,235,0,34,8.5,201,222.5,269,239.5,231
"490",762,"Steenee","Grass","",40,48,1059860,0,120,0,44,11,76,105,164,127,116
"491",763,"Tsareena","Grass","",120,98,1059860,1,45,0,109,27.25,-64,28.75,154,83.25,56
"492",774,"Minior Meteor Form","Rock","Flying",60,100,1059860,0,30,0,80,20,-50,-10,110,30,10
"493",774,"Minior Core Form","Rock","Flying",100,60,1059860,0,30,0,80,20,-50,30,110,70,50
"494",810,"Grookey","Grass","",65,50,1059860,0,45,0,57.5,14.375,-12.5,38.125,102.5,66.875,52.5
"495",811,"Thwackey","Grass","",85,70,1059860,0,45,0,77.5,19.375,-32.5,33.125,122.5,71.875,52.5
"496",812,"Rillaboom","Grass","",125,90,1059860,1,45,0,107.5,26.875,-62.5,35.625,152.5,89.375,62.5
"497",813,"Scorbunny","Fire","",71,40,1059860,0,45,0,55.5,13.875,-10.5,46.625,100.5,74.375,60.5
"498",814,"Raboot","Fire","",86,60,1059860,0,45,0,73,18.25,-28,39.75,118,76.25,58
"499",815,"Cinderace","Fire","",116,75,1059860,1,45,0,95.5,23.875,-50.5,41.625,140.5,89.375,65.5
"500",816,"Sobble","Water","",40,40,1059860,0,45,0,40,10,5,35,85,55,45
"501",817,"Drizzile","Water","",60,55,1059860,0,45,0,57.5,14.375,-12.5,33.125,102.5,61.875,47.5
"502",818,"Inteleon","Water","",85,65,1059860,1,45,0,75,18.75,-30,36.25,120,73.75,55
"503",821,"Rookidee","Flying","",47,35,1059860,0,255,0,41,10.25,214,250.75,296,271.25,261
"504",822,"Corvisquire","Flying","",67,55,1059860,0,120,0,61,15.25,59,110.75,181,141.25,126
"505",823,"Corviknight","Flying","Steel",87,105,1059860,1,45,0,96,24,-51,12,141,60,36
"506",837,"Rolycoly","Rock","",40,50,1059860,0,255,0,45,11.25,210,238.75,300,261.25,250
"507",838,"Carkol","Rock","Fire",60,90,1059860,0,120,0,75,18.75,45,86.25,195,123.75,105
"508",839,"Coalossal","Rock","Fire",80,120,1059860,1,45,0,100,25,-55,0,145,50,25
"509",848,"Toxel","Electric","Poison",38,35,1059860,0,75,0,36.5,9.125,38.5,67.375,111.5,85.625,76.5
"510",849,"Toxtricity","Electric","Poison",98,70,1059860,0,45,0,84,21,-39,38,129,80,59
"511",852,"Clobbopus","Fighting","",68,60,1059860,0,180,0,64,16,116,168,244,200,184
"512",853,"Grapploct","Fighting","",118,90,1059860,1,45,0,104,26,-59,33,149,85,59
"513",10,"Caterpie","Bug","",30,35,1000000,0,255,0,32.5,8.125,222.5,244.375,287.5,260.625,252.5
"514",11,"Metapod","Bug","",20,55,1000000,0,120,0,37.5,9.375,82.5,93.125,157.5,111.875,102.5
"515",12,"Butterfree","Bug","Flying",45,50,1000000,1,45,0,47.5,11.875,-2.5,30.625,92.5,54.375,42.5
"516",13,"Weedle","Bug","Poison",35,30,1000000,0,255,0,32.5,8.125,222.5,249.375,287.5,265.625,257.5
"517",14,"Kakuna","Bug","Poison",25,50,1000000,0,120,0,37.5,9.375,82.5,98.125,157.5,116.875,107.5
"518",15,"Beedrill","Bug","Poison",90,40,1000000,1,45,0,65,16.25,-20,53.75,110,86.25,70
"519",15,"Mega Beedrill","Bug","Poison",150,40,1000000,1,45,0,95,23.75,-50,76.25,140,123.75,100
"520",19,"Rattata","Normal","",56,35,1000000,0,255,0,45.5,11.375,209.5,254.125,300.5,276.875,265.5
"521",19,"Alolan Rattata","Dark","Normal",56,35,1000000,0,255,0,45.5,11.375,209.5,254.125,300.5,276.875,265.5
"522",20,"Raticate","Normal","",81,60,1000000,1,127,0,70.5,17.625,56.5,119.875,197.5,155.125,137.5
"523",20,"Alolan Raticate","Dark","Normal",71,70,1000000,1,127,0,70.5,17.625,56.5,109.875,197.5,145.125,127.5
"524",21,"Spearow","Normal","Flying",60,30,1000000,0,255,0,45,11.25,210,258.75,300,281.25,270
"525",22,"Fearow","Normal","Flying",90,65,1000000,1,90,0,77.5,19.375,12.5,83.125,167.5,121.875,102.5
"526",23,"Ekans","Poison","",60,44,1000000,0,255,0,52,13,203,250,307,276,263
"527",24,"Arbok","Poison","",95,69,1000000,1,90,0,82,20.5,8,82.5,172,123.5,103
"528",25,"Pikachu","Electric","",55,40,1000000,0,190,0,47.5,11.875,142.5,185.625,237.5,209.375,197.5
"529",26,"Raichu","Electric","",90,55,1000000,1,75,0,72.5,18.125,2.5,74.375,147.5,110.625,92.5
"530",26,"Alolan Raichu","Electric","Psychic",85,50,1000000,1,75,0,67.5,16.875,7.5,75.625,142.5,109.375,92.5
"531",27,"Sandshrew","Ground","",75,85,1000000,0,255,0,80,20,175,230,335,270,250
"532",27,"Alolan Sandshrew","Ice","Steel",75,90,1000000,0,255,0,82.5,20.625,172.5,226.875,337.5,268.125,247.5
"533",28,"Sandslash","Ground","",100,110,1000000,1,90,0,105,26.25,-15,58.75,195,111.25,85
"534",28,"Alolan Sandslash","Ice","Steel",100,120,1000000,1,90,0,110,27.5,-20,52.5,200,107.5,80
"535",37,"Vulpix","Fire","",41,40,1000000,0,190,0,40.5,10.125,149.5,180.375,230.5,200.625,190.5
"536",37,"Alolan Vulpix","Ice","",41,40,1000000,0,190,0,40.5,10.125,149.5,180.375,230.5,200.625,190.5
"537",38,"Ninetales","Fire","",76,75,1000000,1,75,0,75.5,18.875,-0.5,56.625,150.5,94.375,75.5
"538",38,"Alolan Ninetales","Ice","Fairy",67,75,1000000,1,75,0,71,17.75,4,53.25,146,88.75,71
"539",41,"Zubat","Poison","Flying",45,35,1000000,0,255,0,40,10,215,250,295,270,260
"540",42,"Golbat","Poison","Flying",80,70,1000000,0,90,0,75,18.75,15,76.25,165,113.75,95
"541",46,"Paras","Bug","Grass",70,55,1000000,0,190,0,62.5,15.625,127.5,181.875,252.5,213.125,197.5
"542",47,"Parasect","Bug","Grass",95,80,1000000,1,75,0,87.5,21.875,-12.5,60.625,162.5,104.375,82.5
"543",48,"Venonat","Bug","Poison",55,50,1000000,0,190,0,52.5,13.125,137.5,179.375,242.5,205.625,192.5
"544",49,"Venomoth","Bug","Poison",65,60,1000000,1,75,0,62.5,15.625,12.5,61.875,137.5,93.125,77.5
"545",50,"Diglett","Ground","",55,25,1000000,0,255,0,40,10,215,260,295,280,270
"546",50,"Alolan Diglett","Ground","Steel",55,30,1000000,0,255,0,42.5,10.625,212.5,256.875,297.5,278.125,267.5
"547",51,"Dugtrio","Ground","",100,50,1000000,1,50,0,75,18.75,-25,56.25,125,93.75,75
"548",51,"Alolan Dugtrio","Ground","Steel",100,60,1000000,1,50,0,80,20,-30,50,130,90,70
"549",52,"Meowth","Normal","",45,35,1000000,0,255,0,40,10,215,250,295,270,260
"550",52,"Alolan Meowth","Dark","",35,35,1000000,0,255,0,35,8.75,220,246.25,290,263.75,255
"551",52,"Galarian Meowth","Steel","",65,55,1000000,0,255,0,60,15,195,245,315,275,260
"552",53,"Persian","Normal","",70,60,1000000,1,90,0,65,16.25,25,78.75,155,111.25,95
"553",53,"Alolan Persian","Dark","",60,60,1000000,1,90,0,60,15,30,75,150,105,90
"554",54,"Psyduck","Water","",52,48,1000000,0,190,0,50,12.5,140,179.5,240,204.5,192
"555",55,"Golduck","Water","",82,78,1000000,1,75,0,80,20,-5,57,155,97,77
"556",56,"Mankey","Fighting","",80,35,1000000,0,190,0,57.5,14.375,132.5,198.125,247.5,226.875,212.5
"557",57,"Primeape","Fighting","",105,60,1000000,1,75,0,82.5,20.625,-7.5,76.875,157.5,118.125,97.5
"558",77,"Ponyta","Fire","",85,55,1000000,0,190,0,70,17.5,120,187.5,260,222.5,205
"559",77,"Galarian Ponyta","Psychic","",85,55,1000000,0,190,0,70,17.5,120,187.5,260,222.5,205
"560",78,"Rapidash","Fire","",100,70,1000000,1,60,0,85,21.25,-25,53.75,145,96.25,75
"561",78,"Galarian Rapidash","Psychic","Fairy",100,70,1000000,1,60,0,85,21.25,-25,53.75,145,96.25,75
"562",79,"Slowpoke","Water","Psychic",65,65,1000000,0,190,0,65,16.25,125,173.75,255,206.25,190
"563",79,"Galarian Slowpoke","Psychic","",65,65,1000000,0,190,0,65,16.25,125,173.75,255,206.25,190
"564",80,"Slowbro","Water","Psychic",75,110,1000000,1,75,0,92.5,23.125,-17.5,34.375,167.5,80.625,57.5
"565",80,"Mega Slowbro","Water","Psychic",75,180,1000000,1,75,0,127.5,31.875,-52.5,-9.375,202.5,54.375,22.5
"566",80,"Galarian Slowbro","Poison","Psychic",100,95,1000000,1,75,0,97.5,24.375,-22.5,53.125,172.5,101.875,77.5
"567",81,"Magnemite","Electric","Steel",35,70,1000000,0,190,0,52.5,13.125,137.5,159.375,242.5,185.625,172.5
"568",82,"Magneton","Electric","Steel",60,95,1000000,0,60,0,77.5,19.375,-17.5,23.125,137.5,61.875,42.5
"569",83,"Farfetch'd","Normal","Flying",90,55,1000000,1,45,0,72.5,18.125,-27.5,44.375,117.5,80.625,62.5
"570",83,"Galarian Farfetch'd","Fighting","",95,55,1000000,0,45,0,75,18.75,-30,46.25,120,83.75,65
"571",84,"Doduo","Normal","Flying",85,45,1000000,0,190,0,65,16.25,125,193.75,255,226.25,210
"572",85,"Dodrio","Normal","Flying",110,70,1000000,1,45,0,90,22.5,-45,42.5,135,87.5,65
"573",86,"Seel","Water","",45,55,1000000,0,190,0,50,12.5,140,172.5,240,197.5,185
"574",87,"Dewgong","Water","Ice",70,80,1000000,1,75,0,75,18.75,0,51.25,150,88.75,70
"575",88,"Grimer","Poison","",80,50,1000000,0,190,0,65,16.25,125,188.75,255,221.25,205
"576",88,"Alolan Grimer","Poison","Dark",80,50,1000000,0,190,0,65,16.25,125,188.75,255,221.25,205
"577",89,"Muk","Poison","",105,75,1000000,1,75,0,90,22.5,-15,67.5,165,112.5,90
"578",89,"Alolan Muk","Poison","Dark",105,75,1000000,1,75,0,90,22.5,-15,67.5,165,112.5,90
"579",95,"Onix","Rock","Ground",45,160,1000000,0,45,0,102.5,25.625,-57.5,-38.125,147.5,13.125,-12.5
"580",96,"Drowzee","Psychic","",48,45,1000000,0,190,0,46.5,11.625,143.5,179.875,236.5,203.125,191.5
"581",97,"Hypno","Psychic","",73,70,1000000,1,75,0,71.5,17.875,3.5,58.625,146.5,94.375,76.5
"582",98,"Krabby","Water","",105,90,1000000,0,225,0,97.5,24.375,127.5,208.125,322.5,256.875,232.5
"583",99,"Kingler","Water","",130,115,1000000,1,60,0,122.5,30.625,-62.5,36.875,182.5,98.125,67.5
"584",100,"Voltorb","Electric","",30,50,1000000,0,190,0,40,10,150,170,230,190,180
"585",101,"Electrode","Electric","",50,70,1000000,1,60,0,60,15,0,35,120,65,50
"586",104,"Cubone","Ground","",50,95,1000000,0,190,0,72.5,18.125,117.5,149.375,262.5,185.625,167.5
"587",105,"Marowak","Ground","",80,110,1000000,1,75,0,95,23.75,-20,36.25,170,83.75,60
"588",105,"Alolan Marowak","Fire","Ghost",80,110,1000000,1,75,0,95,23.75,-20,36.25,170,83.75,60
"589",106,"Hitmonlee","Fighting","",120,53,1000000,1,45,0,86.5,21.625,-41.5,56.875,131.5,100.125,78.5
"590",107,"Hitmonchan","Fighting","",105,79,1000000,1,45,0,92,23,-47,35,137,81,58
"591",108,"Lickitung","Normal","",55,75,1000000,0,45,0,65,16.25,-20,18.75,110,51.25,35
"592",109,"Koffing","Poison","",65,95,1000000,0,190,0,80,20,110,155,270,195,175
"593",110,"Weezing","Poison","",90,120,1000000,1,60,0,105,26.25,-45,18.75,165,71.25,45
"594",110,"Galarian Weezing","Poison","Fairy",90,120,1000000,1,60,0,105,26.25,-45,18.75,165,71.25,45
"595",114,"Tangela","Grass","",55,115,1000000,0,45,0,85,21.25,-40,-6.25,130,36.25,15
"596",115,"Kangaskhan","Normal","",95,80,1000000,1,45,0,87.5,21.875,-42.5,30.625,132.5,74.375,52.5
"597",115,"Mega Kangaskhan","Normal","",125,100,1000000,1,45,0,112.5,28.125,-67.5,29.375,157.5,85.625,57.5
"598",116,"Horsea","Water","",40,70,1000000,0,225,0,55,13.75,170,196.25,280,223.75,210
"599",117,"Seadra","Water","",65,95,1000000,0,75,0,80,20,-5,40,155,80,60
"600",118,"Goldeen","Water","",67,60,1000000,0,225,0,63.5,15.875,161.5,212.625,288.5,244.375,228.5
"601",119,"Seaking","Water","",92,65,1000000,1,60,0,78.5,19.625,-18.5,53.875,138.5,93.125,73.5
"602",122,"Mr. Mime","Psychic","Fairy",45,65,1000000,1,45,0,55,13.75,-10,21.25,100,48.75,35
"603",122,"Galarian Mr. Mime","Ice","Psychic",65,65,1000000,0,45,0,65,16.25,-20,28.75,110,61.25,45
"604",123,"Scyther","Bug","Flying",110,80,1000000,0,45,0,95,23.75,-50,36.25,140,83.75,60
"605",124,"Jynx","Ice","Psychic",50,35,1000000,1,45,0,42.5,10.625,2.5,41.875,87.5,63.125,52.5
"606",125,"Electabuzz","Electric","",83,57,1000000,0,45,0,70,17.5,-25,40.5,115,75.5,58
"607",126,"Magmar","Fire","",95,57,1000000,0,45,0,76,19,-31,45,121,83,64
"608",132,"Ditto","Normal","",48,48,1000000,1,35,0,48,12,-13,23,83,47,35
"609",133,"Eevee","Normal","",55,50,1000000,0,45,0,52.5,13.125,-7.5,34.375,97.5,60.625,47.5
"610",134,"Vaporeon","Water","",65,60,1000000,1,45,0,62.5,15.625,-17.5,31.875,107.5,63.125,47.5
"611",135,"Jolteon","Electric","",65,60,1000000,1,45,0,62.5,15.625,-17.5,31.875,107.5,63.125,47.5
"612",136,"Flareon","Fire","",130,60,1000000,1,45,0,95,23.75,-50,56.25,140,103.75,80
"613",137,"Porygon","Normal","",60,70,1000000,0,45,0,65,16.25,-20,23.75,110,56.25,40
"614",138,"Omanyte","Rock","Water",40,100,1000000,0,45,0,70,17.5,-25,-2.5,115,32.5,15
"615",139,"Omastar","Rock","Water",60,125,1000000,1,45,0,92.5,23.125,-47.5,-10.625,137.5,35.625,12.5
"616",140,"Kabuto","Rock","Water",80,90,1000000,0,45,0,85,21.25,-40,18.75,130,61.25,40
"617",141,"Kabutops","Rock","Water",115,105,1000000,1,45,0,110,27.5,-65,22.5,155,77.5,50
"618",161,"Sentret","Normal","",46,34,1000000,0,255,0,40,10,215,251,295,271,261
"619",162,"Furret","Normal","",76,64,1000000,1,90,0,70,17.5,20,78.5,160,113.5,96
"620",163,"Hoothoot","Normal","Flying",30,30,1000000,0,255,0,30,7.5,225,247.5,285,262.5,255
"621",164,"Noctowl","Normal","Flying",50,50,1000000,1,90,0,50,12.5,40,77.5,140,102.5,90
"622",169,"Crobat","Poison","Flying",90,80,1000000,1,90,0,85,21.25,5,73.75,175,116.25,95
"623",172,"Pichu","Electric","",40,15,1000000,0,190,0,27.5,6.875,162.5,195.625,217.5,209.375,202.5
"624",177,"Natu","Psychic","Flying",50,45,1000000,0,190,0,47.5,11.875,142.5,180.625,237.5,204.375,192.5
"625",178,"Xatu","Psychic","Flying",75,70,1000000,1,75,0,72.5,18.125,2.5,59.375,147.5,95.625,77.5
"626",185,"Sudowoodo","Rock","",100,115,1000000,1,65,0,107.5,26.875,-42.5,30.625,172.5,84.375,57.5
"627",193,"Yanma","Bug","Flying",65,45,1000000,0,75,0,55,13.75,20,71.25,130,98.75,85
"628",194,"Wooper","Water","Ground",45,45,1000000,0,255,0,45,11.25,210,243.75,300,266.25,255
"629",195,"Quagsire","Water","Ground",85,85,1000000,1,90,0,85,21.25,5,68.75,175,111.25,90
"630",196,"Espeon","Psychic","",65,60,1000000,1,45,0,62.5,15.625,-17.5,31.875,107.5,63.125,47.5
"631",197,"Umbreon","Dark","",65,110,1000000,1,45,0,87.5,21.875,-42.5,0.625,132.5,44.375,22.5
"632",199,"Slowking","Water","Psychic",75,80,1000000,1,70,0,77.5,19.375,-7.5,48.125,147.5,86.875,67.5
"633",199,"Galarian Slowking","Poison","Psychic",65,80,1000000,1,70,0,72.5,18.125,-2.5,44.375,142.5,80.625,62.5
"634",201,"Unown","Psychic","",72,48,1000000,1,225,0,60,15,165,222,285,252,237
"635",202,"Wobbuffet","Psychic","",33,58,1000000,1,45,0,45.5,11.375,-0.5,21.125,90.5,43.875,32.5
"636",203,"Girafarig","Normal","Psychic",80,65,1000000,1,60,0,72.5,18.125,-12.5,49.375,132.5,85.625,67.5
"637",204,"Pineco","Bug","",65,90,1000000,0,190,0,77.5,19.375,112.5,158.125,267.5,196.875,177.5
"638",205,"Forretress","Bug","Steel",90,140,1000000,1,75,0,115,28.75,-40,21.25,190,78.75,50
"639",206,"Dunsparce","Normal","",70,70,1000000,1,190,0,70,17.5,120,172.5,260,207.5,190
"640",208,"Steelix","Steel","Ground",85,200,1000000,1,25,0,142.5,35.625,-117.5,-68.125,167.5,3.125,-32.5
"641",208,"Mega Steelix","Steel","Ground",125,230,1000000,1,25,0,177.5,44.375,-152.5,-71.875,202.5,16.875,-27.5
"642",211,"Qwilfish","Water","Poison",95,85,1000000,1,45,0,90,22.5,-45,27.5,135,72.5,50
"643",212,"Scizor","Bug","Steel",130,100,1000000,1,25,0,115,28.75,-90,11.25,140,68.75,40
"644",212,"Mega Scizor","Bug","Steel",150,140,1000000,1,25,0,145,36.25,-120,-6.25,170,66.25,30
"645",216,"Teddiursa","Normal","",80,50,1000000,0,120,0,65,16.25,55,118.75,185,151.25,135
"646",217,"Ursaring","Normal","",130,75,1000000,1,60,0,102.5,25.625,-42.5,61.875,162.5,113.125,87.5
"647",218,"Slugma","Fire","",40,40,1000000,0,190,0,40,10,150,180,230,200,190
"648",219,"Magcargo","Fire","Rock",50,120,1000000,1,75,0,85,21.25,-10,18.75,160,61.25,40
"649",223,"Remoraid","Water","",65,35,1000000,0,190,0,50,12.5,140,192.5,240,217.5,205
"650",224,"Octillery","Water","",105,75,1000000,1,75,0,90,22.5,-15,67.5,165,112.5,90
"651",230,"Kingdra","Water","Dragon",95,95,1000000,1,45,0,95,23.75,-50,21.25,140,68.75,45
"652",231,"Phanpy","Ground","",60,60,1000000,0,120,0,60,15,60,105,180,135,120
"653",232,"Donphan","Ground","",120,120,1000000,1,60,0,120,30,-60,30,180,90,60
"654",233,"Porygon2","Normal","",80,90,1000000,0,45,0,85,21.25,-40,18.75,130,61.25,40
"655",236,"Tyrogue","Fighting","",35,35,1000000,0,75,0,35,8.75,40,66.25,110,83.75,75
"656",237,"Hitmontop","Fighting","",95,95,1000000,1,45,0,95,23.75,-50,21.25,140,68.75,45
"657",238,"Smoochum","Ice","Psychic",30,15,1000000,0,45,0,22.5,5.625,22.5,46.875,67.5,58.125,52.5
"658",239,"Elekid","Electric","",63,37,1000000,0,45,0,50,12.5,-5,45.5,95,70.5,58
"659",240,"Magby","Fire","",75,37,1000000,0,45,0,56,14,-11,50,101,78,64
"660",261,"Poochyena","Dark","",55,35,1000000,0,255,0,45,11.25,210,253.75,300,276.25,265
"661",262,"Mightyena","Dark","",90,70,1000000,1,127,0,80,20,47,117,207,157,137
"662",263,"Zigzagoon","Normal","",30,41,1000000,0,255,0,35.5,8.875,219.5,240.625,290.5,258.375,249.5
"663",263,"Galarian Zigzagoon","Dark","Normal",30,41,1000000,0,255,0,35.5,8.875,219.5,240.625,290.5,258.375,249.5
"664",264,"Linoone","Normal","",70,61,1000000,1,90,0,65.5,16.375,24.5,78.125,155.5,110.875,94.5
"665",264,"Galarian Linoone","Dark","Normal",70,61,1000000,0,90,0,65.5,16.375,24.5,78.125,155.5,110.875,94.5
"666",265,"Wurmple","Bug","",45,35,1000000,0,255,0,40,10,215,250,295,270,260
"667",266,"Silcoon","Bug","",35,55,1000000,0,120,0,45,11.25,75,98.75,165,121.25,110
"668",267,"Beautifly","Bug","Flying",70,50,1000000,1,45,0,60,15,-15,40,105,70,55
"669",268,"Cascoon","Bug","",35,55,1000000,0,120,0,45,11.25,75,98.75,165,121.25,110
"670",269,"Dustox","Bug","Poison",50,70,1000000,1,45,0,60,15,-15,20,105,50,35
"671",278,"Wingull","Water","Flying",30,30,1000000,0,190,0,30,7.5,160,182.5,220,197.5,190
"672",279,"Pelipper","Water","Flying",50,100,1000000,1,45,0,75,18.75,-30,1.25,120,38.75,20
"673",283,"Surskit","Bug","Water",30,32,1000000,0,200,0,31,7.75,169,191.25,231,206.75,199
"674",284,"Masquerain","Bug","Flying",60,62,1000000,1,75,0,61,15.25,14,58.75,136,89.25,74
"675",299,"Nosepass","Rock","",45,135,1000000,0,255,0,90,22.5,165,187.5,345,232.5,210
"676",307,"Meditite","Fighting","Psychic",40,55,1000000,0,180,0,47.5,11.875,132.5,160.625,227.5,184.375,172.5
"677",308,"Medicham","Fighting","Psychic",60,75,1000000,1,90,0,67.5,16.875,22.5,65.625,157.5,99.375,82.5
"678",308,"Mega Medicham","Fighting","Psychic",100,85,1000000,1,90,0,92.5,23.125,-2.5,74.375,182.5,120.625,97.5
"679",311,"Plusle","Electric","",50,40,1000000,1,200,0,45,11.25,155,193.75,245,216.25,205
"680",312,"Minun","Electric","",40,50,1000000,1,200,0,45,11.25,155,183.75,245,206.25,195
"681",322,"Numel","Fire","Ground",60,40,1000000,0,255,0,50,12.5,205,252.5,305,277.5,265
"682",323,"Camerupt","Fire","Ground",100,70,1000000,1,150,0,85,21.25,65,143.75,235,186.25,165
"683",323,"Mega Camerupt","Fire","Ground",120,100,1000000,1,150,0,110,27.5,40,132.5,260,187.5,160
"684",324,"Torkoal","Fire","",85,140,1000000,1,90,0,112.5,28.125,-22.5,34.375,202.5,90.625,62.5
"685",339,"Barboach","Water","Ground",48,43,1000000,0,190,0,45.5,11.375,144.5,181.125,235.5,203.875,192.5
"686",340,"Whiscash","Water","Ground",78,73,1000000,1,75,0,75.5,18.875,-0.5,58.625,150.5,96.375,77.5
"687",343,"Baltoy","Ground","Psychic",40,55,1000000,0,255,0,47.5,11.875,207.5,235.625,302.5,259.375,247.5
"688",344,"Claydol","Ground","Psychic",70,105,1000000,1,90,0,87.5,21.875,2.5,50.625,177.5,94.375,72.5
"689",351,"Castform","Normal","",70,70,1000000,1,45,0,70,17.5,-25,27.5,115,62.5,45
"690",360,"Wynaut","Psychic","",23,48,1000000,0,125,0,35.5,8.875,89.5,103.625,160.5,121.375,112.5
"691",361,"Snorunt","Ice","",50,50,1000000,0,190,0,50,12.5,140,177.5,240,202.5,190
"692",362,"Glalie","Ice","",80,80,1000000,1,75,0,80,20,-5,55,155,95,75
"693",362,"Mega Glalie","Ice","",120,80,1000000,1,75,0,100,25,-25,70,175,120,95
"694",399,"Bidoof","Normal","",45,40,1000000,0,255,0,42.5,10.625,212.5,246.875,297.5,268.125,257.5
"695",400,"Bibarel","Normal","Water",85,60,1000000,1,127,0,72.5,18.125,54.5,121.375,199.5,157.625,139.5
"696",412,"Burmy","Bug","",29,45,1000000,0,120,0,37,9.25,83,102.75,157,121.25,112
"697",413,"Wormadam Plant Cloak","Bug","Grass",59,85,1000000,0,45,0,72,18,-27,14,117,50,32
"698",413,"Wormadam Sandy Cloak","Bug","Ground",79,105,1000000,0,45,0,92,23,-47,9,137,55,32
"699",413,"Wormadam Trash Cloak","Bug","Steel",69,95,1000000,0,45,0,82,20.5,-37,11.5,127,52.5,32
"700",414,"Mothim","Bug","Flying",94,50,1000000,1,45,0,72,18,-27,49,117,85,67
"701",417,"Pachirisu","Electric","",45,70,1000000,1,200,0,57.5,14.375,142.5,173.125,257.5,201.875,187.5
"702",418,"Buizel","Water","",65,35,1000000,0,190,0,50,12.5,140,192.5,240,217.5,205
"703",419,"Floatzel","Water","",105,55,1000000,1,75,0,80,20,-5,80,155,120,100
"704",420,"Cherubi","Grass","",35,45,1000000,0,190,0,40,10,150,175,230,195,185
"705",421,"Cherrim","Grass","",60,70,1000000,1,75,0,65,16.25,10,53.75,140,86.25,70
"706",422,"Shellos","Water","",48,48,1000000,0,190,0,48,12,142,178,238,202,190
"707",423,"Gastrodon","Water","Ground",83,68,1000000,1,75,0,75.5,18.875,-0.5,63.625,150.5,101.375,82.5
"708",427,"Buneary","Normal","",66,44,1000000,0,190,0,55,13.75,135,187.25,245,214.75,201
"709",428,"Lopunny","Normal","",76,84,1000000,1,60,0,80,20,-20,36,140,76,56
"710",428,"Mega Lopunny","Normal","Fighting",136,94,1000000,1,60,0,115,28.75,-55,52.25,175,109.75,81
"711",434,"Stunky","Poison","Dark",63,47,1000000,0,225,0,55,13.75,170,219.25,280,246.75,233
"712",435,"Skuntank","Poison","Dark",93,67,1000000,1,60,0,80,20,-20,53,140,93,73
"713",436,"Bronzor","Steel","Psychic",24,86,1000000,0,255,0,55,13.75,200,210.25,310,237.75,224
"714",437,"Bronzong","Steel","Psychic",89,116,1000000,1,90,0,102.5,25.625,-12.5,50.875,192.5,102.125,76.5
"715",438,"Bonsly","Rock","",80,95,1000000,0,255,0,87.5,21.875,167.5,225.625,342.5,269.375,247.5
"716",439,"Mime Jr.","Psychic","Fairy",25,45,1000000,0,145,0,35,8.75,110,126.25,180,143.75,135
"717",442,"Spiritomb","Ghost","Dark",92,108,1000000,1,100,0,100,25,0,67,200,117,92
"718",453,"Croagunk","Poison","Fighting",61,40,1000000,0,140,0,50.5,12.625,89.5,137.875,190.5,163.125,150.5
"719",454,"Toxicroak","Poison","Fighting",106,65,1000000,1,75,0,85.5,21.375,-10.5,74.125,160.5,116.875,95.5
"720",462,"Magnezone","Electric","Steel",70,115,1000000,1,30,0,92.5,23.125,-62.5,-15.625,122.5,30.625,7.5
"721",463,"Lickilicky","Normal","",85,95,1000000,1,30,0,90,22.5,-60,2.5,120,47.5,25
"722",465,"Tangrowth","Grass","",100,125,1000000,1,30,0,112.5,28.125,-82.5,-10.625,142.5,45.625,17.5
"723",466,"Electivire","Electric","",123,67,1000000,1,30,0,95,23.75,-65,34.25,125,81.75,58
"724",467,"Magmortar","Fire","",95,67,1000000,1,30,0,81,20.25,-51,23.75,111,64.25,44
"725",469,"Yanmega","Bug","Flying",76,86,1000000,1,30,0,81,20.25,-51,4.75,111,45.25,25
"726",470,"Leafeon","Grass","",110,130,1000000,1,45,0,120,30,-75,5,165,65,35
"727",471,"Glaceon","Ice","",60,110,1000000,1,45,0,85,21.25,-40,-1.25,130,41.25,20
"728",474,"Porygon-Z","Normal","",80,70,1000000,1,30,0,75,18.75,-45,16.25,105,53.75,35
"729",476,"Probopass","Rock","Steel",55,145,1000000,1,60,0,100,25,-40,-10,160,40,15
"730",478,"Froslass","Ice","Ghost",80,70,1000000,1,75,0,75,18.75,0,61.25,150,98.75,80
"731",479,"Rotom","Electric","Ghost",50,77,1000000,1,45,0,63.5,15.875,-18.5,15.625,108.5,47.375,31.5
"732",479,"Rotom-Wash","Electric","Water",65,107,1000000,1,45,0,86,21.5,-41,2.5,131,45.5,24
"733",479,"Rotom-Heat","Electric","Fire",65,107,1000000,1,45,0,86,21.5,-41,2.5,131,45.5,24
"734",479,"Rotom-Mow","Electric","Grass",65,107,1000000,1,45,0,86,21.5,-41,2.5,131,45.5,24
"735",479,"Rotom-Frost","Electric","Ice",65,107,1000000,1,45,0,86,21.5,-41,2.5,131,45.5,24
"736",479,"Rotom-Fan","Electric","Flying",65,107,1000000,1,45,0,86,21.5,-41,2.5,131,45.5,24
"737",504,"Patrat","Normal","",55,39,1000000,0,255,0,47,11.75,208,251.25,302,274.75,263
"738",505,"Watchog","Normal","",85,69,1000000,1,255,0,77,19.25,178,243.75,332,282.25,263
"739",509,"Purrloin","Dark","",50,37,1000000,0,255,0,43.5,10.875,211.5,250.625,298.5,272.375,261.5
"740",510,"Liepard","Dark","",88,50,1000000,1,90,0,69,17.25,21,91.75,159,126.25,109
"741",511,"Pansage","Grass","",53,48,1000000,0,190,0,50.5,12.625,139.5,179.875,240.5,205.125,192.5
"742",512,"Simisage","Grass","",98,63,1000000,1,75,0,80.5,20.125,-5.5,72.375,155.5,112.625,92.5
"743",513,"Pansear","Fire","",53,48,1000000,0,190,0,50.5,12.625,139.5,179.875,240.5,205.125,192.5
"744",514,"Simisear","Fire","",98,63,1000000,1,75,0,80.5,20.125,-5.5,72.375,155.5,112.625,92.5
"745",515,"Panpour","Water","",53,48,1000000,0,190,0,50.5,12.625,139.5,179.875,240.5,205.125,192.5
"746",516,"Simipour","Water","",98,63,1000000,1,75,0,80.5,20.125,-5.5,72.375,155.5,112.625,92.5
"747",522,"Blitzle","Electric","",60,32,1000000,0,190,0,46,11.5,144,192.5,236,215.5,204
"748",523,"Zebstrika","Electric","",100,63,1000000,1,75,0,81.5,20.375,-6.5,73.125,156.5,113.875,93.5
"749",527,"Woobat","Psychic","Flying",45,43,1000000,0,190,0,44,11,146,180,234,202,191
"750",528,"Swoobat","Psychic","Flying",57,55,1000000,1,45,0,56,14,-11,32,101,60,46
"751",529,"Drilbur","Ground","",85,40,1000000,0,120,0,62.5,15.625,57.5,126.875,182.5,158.125,142.5
"752",530,"Excadrill","Ground","Steel",135,60,1000000,1,60,0,97.5,24.375,-37.5,73.125,157.5,121.875,97.5
"753",538,"Throh","Fighting","",100,85,1000000,1,45,0,92.5,23.125,-47.5,29.375,137.5,75.625,52.5
"754",539,"Sawk","Fighting","",125,75,1000000,1,45,0,100,25,-55,45,145,95,70
"755",546,"Cottonee","Grass","Fairy",27,60,1000000,0,190,0,43.5,10.875,146.5,162.625,233.5,184.375,173.5
"756",547,"Whimsicott","Grass","Fairy",67,85,1000000,1,75,0,76,19,-1,47,151,85,66
"757",548,"Petilil","Grass","",35,50,1000000,0,190,0,42.5,10.625,147.5,171.875,232.5,193.125,182.5
"758",549,"Lilligant","Grass","",60,75,1000000,1,75,0,67.5,16.875,7.5,50.625,142.5,84.375,67.5
"759",550,"Basculin","Water","",92,65,1000000,1,25,0,78.5,19.625,-53.5,18.875,103.5,58.125,38.5
"760",556,"Maractus","Grass","",86,67,1000000,1,255,0,76.5,19.125,178.5,245.375,331.5,283.625,264.5
"761",557,"Dwebble","Bug","Rock",65,85,1000000,0,190,0,75,18.75,115,161.25,265,198.75,180
"762",558,"Crustle","Bug","Rock",105,125,1000000,1,75,0,115,28.75,-40,36.25,190,93.75,65
"763",559,"Scraggy","Dark","Fighting",75,70,1000000,0,180,0,72.5,18.125,107.5,164.375,252.5,200.625,182.5
"764",560,"Scrafty","Dark","Fighting",90,115,1000000,1,90,0,102.5,25.625,-12.5,51.875,192.5,103.125,77.5
"765",561,"Sigilyph","Psychic","Flying",58,80,1000000,1,45,0,69,17.25,-24,16.75,114,51.25,34
"766",562,"Yamask","Ghost","",30,85,1000000,0,190,0,57.5,14.375,132.5,148.125,247.5,176.875,162.5
"767",562,"Galarian Yamask","Ground","Ghost",55,85,1000000,0,190,0,70,17.5,120,157.5,260,192.5,175
"768",563,"Cofagrigus","Ghost","",50,145,1000000,1,90,0,97.5,24.375,-7.5,18.125,187.5,66.875,42.5
"769",564,"Tirtouga","Water","Rock",78,103,1000000,0,45,0,90.5,22.625,-45.5,9.875,135.5,55.125,32.5
"770",565,"Carracosta","Water","Rock",108,133,1000000,1,45,0,120.5,30.125,-75.5,2.375,165.5,62.625,32.5
"771",566,"Archen","Rock","Flying",112,45,1000000,0,45,0,78.5,19.625,-33.5,58.875,123.5,98.125,78.5
"772",567,"Archeops","Rock","Flying",140,65,1000000,1,45,0,102.5,25.625,-57.5,56.875,147.5,108.125,82.5
"773",568,"Trubbish","Poison","",50,62,1000000,0,190,0,56,14,134,170,246,198,184
"774",569,"Garbodor","Poison","",95,82,1000000,1,60,0,88.5,22.125,-28.5,44.375,148.5,88.625,66.5
"775",580,"Ducklett","Water","Flying",44,50,1000000,0,190,0,47,11.75,143,175.25,237,198.75,187
"776",581,"Swanna","Water","Flying",87,63,1000000,1,45,0,75,18.75,-30,38.25,120,75.75,57
"777",585,"Deerling","Normal","Grass",60,50,1000000,0,190,0,55,13.75,135,181.25,245,208.75,195
"778",586,"Sawsbuck","Normal","Grass",100,70,1000000,1,75,0,85,21.25,-10,68.75,160,111.25,90
"779",587,"Emolga","Electric","Flying",75,60,1000000,1,200,0,67.5,16.875,132.5,190.625,267.5,224.375,207.5
"780",588,"Karrablast","Bug","",75,45,1000000,0,200,0,60,15,140,200,260,230,215
"781",589,"Escavalier","Bug","Steel",135,105,1000000,1,75,0,120,30,-45,60,195,120,90
"782",590,"Foongus","Grass","Poison",55,45,1000000,0,190,0,50,12.5,140,182.5,240,207.5,195
"783",591,"Amoonguss","Grass","Poison",85,70,1000000,1,75,0,77.5,19.375,-2.5,63.125,152.5,101.875,82.5
"784",592,"Frillish","Water","Ghost",40,50,1000000,0,190,0,45,11.25,145,173.75,235,196.25,185
"785",593,"Jellicent","Water","Ghost",60,70,1000000,1,60,0,65,16.25,-5,38.75,125,71.25,55
"786",595,"Joltik","Bug","Electric",47,50,1000000,0,190,0,48.5,12.125,141.5,176.375,238.5,200.625,188.5
"787",596,"Galvantula","Bug","Electric",77,60,1000000,1,75,0,68.5,17.125,6.5,66.375,143.5,100.625,83.5
"788",597,"Ferroseed","Grass","Steel",50,91,1000000,0,255,0,70.5,17.625,184.5,216.875,325.5,252.125,234.5
"789",598,"Ferrothorn","Grass","Steel",94,131,1000000,1,90,0,112.5,28.125,-22.5,43.375,202.5,99.625,71.5
"790",605,"Elgyem","Psychic","",55,55,1000000,0,255,0,55,13.75,200,241.25,310,268.75,255
"791",606,"Beheeyem","Psychic","",75,75,1000000,1,90,0,75,18.75,15,71.25,165,108.75,90
"792",613,"Cubchoo","Ice","",70,40,1000000,0,120,0,55,13.75,65,121.25,175,148.75,135
"793",614,"Beartic","Ice","",130,80,1000000,1,60,0,105,26.25,-45,58.75,165,111.25,85
"794",615,"Cryogonal","Ice","",50,50,1000000,1,25,0,50,12.5,-25,12.5,75,37.5,25
"795",616,"Shelmet","Bug","",40,85,1000000,0,200,0,62.5,15.625,137.5,161.875,262.5,193.125,177.5
"796",617,"Accelgor","Bug","",70,40,1000000,1,75,0,55,13.75,20,76.25,130,103.75,90
"797",618,"Stunfisk","Ground","Electric",66,84,1000000,1,75,0,75,18.75,0,47.25,150,84.75,66
"798",618,"Galarian Stunfisk","Ground","Steel",81,99,1000000,1,75,0,90,22.5,-15,43.5,165,88.5,66
"799",621,"Druddigon","Dragon","",120,90,1000000,1,45,0,105,26.25,-60,33.75,150,86.25,60
"800",622,"Golett","Ground","Ghost",74,50,1000000,0,190,0,62,15.5,128,186.5,252,217.5,202
"801",623,"Golurk","Ground","Ghost",124,80,1000000,1,90,0,102,25.5,-12,86.5,192,137.5,112
"802",624,"Pawniard","Dark","Steel",85,70,1000000,0,120,0,77.5,19.375,42.5,108.125,197.5,146.875,127.5
"803",625,"Bisharp","Dark","Steel",125,100,1000000,1,45,0,112.5,28.125,-67.5,29.375,157.5,85.625,57.5
"804",626,"Bouffalant","Normal","",110,95,1000000,1,45,0,102.5,25.625,-57.5,26.875,147.5,78.125,52.5
"805",631,"Heatmor","Fire","",97,66,1000000,1,90,0,81.5,20.375,8.5,85.125,171.5,125.875,105.5
"806",632,"Durant","Bug","Steel",109,112,1000000,1,90,0,110.5,27.625,-20.5,60.875,200.5,116.125,88.5
"807",659,"Bunnelby","Normal","",36,38,1000000,0,255,0,37,9.25,218,244.75,292,263.25,254
"808",660,"Diggersby","Normal","Ground",56,77,1000000,1,127,0,66.5,16.625,60.5,99.875,193.5,133.125,116.5
"809",664,"Scatterbug","Bug","",35,40,1000000,0,255,0,37.5,9.375,217.5,243.125,292.5,261.875,252.5
"810",665,"Spewpa","Bug","",22,60,1000000,0,120,0,41,10.25,79,90.75,161,111.25,101
"811",666,"Vivillon","Bug","Flying",52,50,1000000,1,45,0,51,12.75,-6,33.25,96,58.75,46
"812",669,"Flab­Tb­T","Fairy","",38,39,1000000,0,225,0,38.5,9.625,186.5,214.875,263.5,234.125,224.5
"813",670,"Floette","Fairy","",45,47,1000000,0,120,0,46,11.5,74,107.5,166,130.5,119
"814",671,"Florges","Fairy","",65,68,1000000,1,45,0,66.5,16.625,-21.5,26.875,111.5,60.125,43.5
"815",672,"Skiddo","Grass","",65,48,1000000,0,200,0,56.5,14.125,143.5,194.375,256.5,222.625,208.5
"816",673,"Gogoat","Grass","",100,62,1000000,1,45,0,81,20.25,-36,43.75,126,84.25,64
"817",674,"Pancham","Fighting","",82,62,1000000,0,220,0,72,18,148,212,292,248,230
"818",675,"Pangoro","Fighting","Dark",124,78,1000000,1,65,0,101,25.25,-36,62.75,166,113.25,88
"819",676,"Furfrou","Normal","",80,60,1000000,1,160,0,70,17.5,90,152.5,230,187.5,170
"820",677,"Espurr","Psychic","",48,54,1000000,0,190,0,51,12.75,139,174.25,241,199.75,187
"821",678,"Meowstic","Psychic","",48,76,1000000,1,75,0,62,15.5,13,45.5,137,76.5,61
"822",679,"Honedge","Steel","Ghost",80,100,1000000,0,180,0,90,22.5,90,147.5,270,192.5,170
"823",680,"Doublade","Steel","Ghost",110,150,1000000,0,90,0,130,32.5,-40,37.5,220,102.5,70
"824",681,"Aegislash Shield Form","Steel","Ghost",70,140,1000000,0,45,0,105,26.25,-60,-16.25,150,36.25,10
"825",681,"Aegislash Blade Form","Steel","Ghost",140,70,1000000,0,45,0,105,26.25,-60,53.75,150,106.25,80
"826",682,"Spritzee","Fairy","",52,60,1000000,0,200,0,56,14,144,182,256,210,196
"827",683,"Aromatisse","Fairy","",72,72,1000000,1,140,0,72,18,68,122,212,158,140
"828",684,"Swirlix","Fairy","",48,66,1000000,0,200,0,57,14.25,143,176.75,257,205.25,191
"829",685,"Slurpuff","Fairy","",80,86,1000000,1,140,0,83,20.75,57,116.25,223,157.75,137
"830",686,"Inkay","Dark","Psychic",54,53,1000000,0,190,0,53.5,13.375,136.5,177.125,243.5,203.875,190.5
"831",687,"Malamar","Dark","Psychic",92,88,1000000,1,80,0,90,22.5,-10,59.5,170,104.5,82
"832",688,"Binacle","Rock","Water",52,67,1000000,0,120,0,59.5,14.875,60.5,97.625,179.5,127.375,112.5
"833",689,"Barbaracle","Rock","Water",105,115,1000000,1,45,0,110,27.5,-65,12.5,155,67.5,40
"834",690,"Skrelp","Poison","Water",60,60,1000000,0,225,0,60,15,165,210,285,240,225
"835",691,"Dragalge","Poison","Dragon",75,90,1000000,1,55,0,82.5,20.625,-27.5,26.875,137.5,68.125,47.5
"836",694,"Helioptile","Electric","Normal",38,33,1000000,0,190,0,35.5,8.875,154.5,183.625,225.5,201.375,192.5
"837",695,"Heliolisk","Electric","Normal",55,52,1000000,1,75,0,53.5,13.375,21.5,63.125,128.5,89.875,76.5
"838",696,"Tyrunt","Rock","Dragon",89,77,1000000,0,45,0,83,20.75,-38,30.25,128,71.75,51
"839",697,"Tyrantrum","Rock","Dragon",121,119,1000000,1,45,0,120,30,-75,16,165,76,46
"840",698,"Amaura","Rock","Ice",59,50,1000000,0,45,0,54.5,13.625,-9.5,35.875,99.5,63.125,49.5
"841",699,"Aurorus","Rock","Ice",77,72,1000000,1,45,0,74.5,18.625,-29.5,28.875,119.5,66.125,47.5
"842",700,"Sylveon","Fairy","",65,65,1000000,1,45,0,65,16.25,-20,28.75,110,61.25,45
"843",701,"Hawlucha","Fighting","Flying",92,75,1000000,1,100,0,83.5,20.875,16.5,87.625,183.5,129.375,108.5
"844",702,"Dedenne","Electric","Fairy",58,57,1000000,1,180,0,57.5,14.375,122.5,166.125,237.5,194.875,180.5
"845",708,"Phantump","Ghost","Grass",70,48,1000000,0,120,0,59,14.75,61,116.25,179,145.75,131
"846",709,"Trevenant","Ghost","Grass",110,76,1000000,1,60,0,93,23.25,-33,53.75,153,100.25,77
"847",710,"Small Size Pumpkaboo","Ghost","Grass",66,70,1000000,0,120,0,68,17,52,101,188,135,118
"848",710,"Average Size Pumpkaboo","Ghost","Grass",66,70,1000000,0,120,0,68,17,52,101,188,135,118
"849",710,"Large Size Pumpkaboo","Ghost","Grass",66,70,1000000,0,120,0,68,17,52,101,188,135,118
"850",710,"Super Size Pumpkaboo","Ghost","Grass",66,70,1000000,0,120,0,68,17,52,101,188,135,118
"851",711,"Small Size Gourgeist","Ghost","Grass",85,122,1000000,0,60,0,103.5,25.875,-43.5,15.625,163.5,67.375,41.5
"852",711,"Average Size Gourgeist","Ghost","Grass",90,122,1000000,0,60,0,106,26.5,-46,17.5,166,70.5,44
"853",711,"Large Size Gourgeist","Ghost","Grass",95,122,1000000,0,60,0,108.5,27.125,-48.5,19.375,168.5,73.625,46.5
"854",711,"Super Size Gourgeist","Ghost","Grass",100,122,1000000,0,60,0,111,27.75,-51,21.25,171,76.75,49
"855",712,"Bergmite","Ice","",69,85,1000000,0,190,0,77,19.25,113,162.75,267,201.25,182
"856",713,"Avalugg","Ice","",117,184,1000000,1,55,0,150.5,37.625,-95.5,-16.125,205.5,59.125,21.5
"857",714,"Noibat","Flying","Dragon",30,35,1000000,0,190,0,32.5,8.125,157.5,179.375,222.5,195.625,187.5
"858",715,"Noivern","Flying","Dragon",70,80,1000000,1,45,0,75,18.75,-30,21.25,120,58.75,40
"859",731,"Pikipek","Normal","Flying",75,30,1000000,0,255,0,52.5,13.125,202.5,264.375,307.5,290.625,277.5
"860",732,"Trumbeak","Normal","Flying",85,50,1000000,0,120,0,67.5,16.875,52.5,120.625,187.5,154.375,137.5
"861",733,"Toucannon","Normal","Flying",120,75,1000000,1,45,0,97.5,24.375,-52.5,43.125,142.5,91.875,67.5
"862",734,"Yungoos","Normal","",70,30,1000000,0,255,0,50,12.5,205,262.5,305,287.5,275
"863",735,"Gumshoos","Normal","",110,60,1000000,1,127,0,85,21.25,42,130.75,212,173.25,152
"864",736,"Grubbin","Bug","",62,45,1000000,0,255,0,53.5,13.375,201.5,250.125,308.5,276.875,263.5
"865",737,"Charjabug","Bug","Electric",82,95,1000000,0,120,0,88.5,22.125,31.5,91.375,208.5,135.625,113.5
"866",738,"Vikavolt","Bug","Electric",70,90,1000000,1,45,0,80,20,-35,15,125,55,35
"867",739,"Crabrawler","Fighting","",82,57,1000000,0,225,0,69.5,17.375,155.5,220.125,294.5,254.875,237.5
"868",740,"Crabominable","Fighting","Ice",132,77,1000000,1,60,0,104.5,26.125,-44.5,61.375,164.5,113.625,87.5
"869",741,"Oricorio Baile Style","Fire","Flying",70,70,1000000,1,45,0,70,17.5,-25,27.5,115,62.5,45
"870",741,"Oricorio Pom-Pom Style","Electric","Flying",70,70,1000000,1,45,0,70,17.5,-25,27.5,115,62.5,45
"871",741,"Oricorio Pa'u Style","Psychic","Flying",70,70,1000000,1,45,0,70,17.5,-25,27.5,115,62.5,45
"872",741,"Oricorio Sensu Style","Ghost","Flying",70,70,1000000,1,45,0,70,17.5,-25,27.5,115,62.5,45
"873",742,"Cutiefly","Bug","Fairy",45,40,1000000,0,190,0,42.5,10.625,147.5,181.875,232.5,203.125,192.5
"874",743,"Ribombee","Bug","Fairy",55,60,1000000,1,75,0,57.5,14.375,17.5,58.125,132.5,86.875,72.5
"875",744,"Rockruff","Rock","",65,40,1000000,0,190,0,52.5,13.125,137.5,189.375,242.5,215.625,202.5
"876",745,"Lycanroc","Rock","",115,65,1000000,0,90,0,90,22.5,0,92.5,180,137.5,115
"877",745,"Lycanroc Midnight","Rock","",115,75,1000000,0,90,0,95,23.75,-5,86.25,185,133.75,110
"878",745,"Lycanroc Dusk","Rock","",117,65,1000000,0,90,0,91,22.75,-1,93.25,181,138.75,116
"879",747,"Mareanie","Poison","Water",53,62,1000000,0,190,0,57.5,14.375,132.5,171.125,247.5,199.875,185.5
"880",748,"Toxapex","Poison","Water",63,152,1000000,1,75,0,107.5,26.875,-32.5,3.625,182.5,57.375,30.5
"881",749,"Mudbray","Ground","",100,70,1000000,0,190,0,85,21.25,105,183.75,275,226.25,205
"882",750,"Mudsdale","Ground","",125,100,1000000,1,60,0,112.5,28.125,-52.5,44.375,172.5,100.625,72.5
"883",751,"Dewpider","Water","Bug",40,52,1000000,0,200,0,46,11.5,154,182.5,246,205.5,194
"884",752,"Araquanid","Water","Bug",70,92,1000000,1,100,0,81,20.25,19,68.75,181,109.25,89
"885",753,"Fomantis","Grass","",55,35,1000000,0,190,0,45,11.25,145,188.75,235,211.25,200
"886",754,"Lurantis","Grass","",105,90,1000000,1,75,0,97.5,24.375,-22.5,58.125,172.5,106.875,82.5
"887",755,"Morelull","Grass","Fairy",35,55,1000000,0,190,0,45,11.25,145,168.75,235,191.25,180
"888",756,"Shiinotic","Grass","Fairy",45,80,1000000,1,75,0,62.5,15.625,12.5,41.875,137.5,73.125,57.5
"889",757,"Salandit","Poison","Fire",44,40,1000000,0,120,0,42,10.5,78,111.5,162,132.5,122
"890",758,"Salazzle","Poison","Fire",64,60,1000000,1,45,0,62,15.5,-17,31.5,107,62.5,47
"891",759,"Stufful","Normal","Fighting",75,50,1000000,0,140,0,62.5,15.625,77.5,136.875,202.5,168.125,152.5
"892",760,"Bewear","Normal","Fighting",125,80,1000000,1,70,0,102.5,25.625,-32.5,66.875,172.5,118.125,92.5
"893",767,"Wimpod","Bug","Water",35,40,1000000,0,90,0,37.5,9.375,52.5,78.125,127.5,96.875,87.5
"894",768,"Golisopod","Bug","Water",125,140,1000000,1,45,0,132.5,33.125,-87.5,4.375,177.5,70.625,37.5
"895",769,"Sandygast","Ghost","Ground",55,80,1000000,0,140,0,67.5,16.875,72.5,110.625,207.5,144.375,127.5
"896",770,"Palossand","Ghost","Ground",75,110,1000000,1,60,0,92.5,23.125,-32.5,19.375,152.5,65.625,42.5
"897",776,"Turtonator","Fire","Dragon",78,135,1000000,1,70,0,106.5,26.625,-36.5,14.875,176.5,68.125,41.5
"898",777,"Togedemaru","Electric","Steel",98,63,1000000,1,180,0,80.5,20.125,99.5,177.375,260.5,217.625,197.5
"899",778,"Mimikyu","Ghost","Fairy",90,80,1000000,1,45,0,85,21.25,-40,28.75,130,71.25,50
"900",779,"Bruxish","Water","Psychic",105,70,1000000,1,80,0,87.5,21.875,-7.5,75.625,167.5,119.375,97.5
"901",780,"Drampa","Normal","Dragon",60,85,1000000,1,70,0,72.5,18.125,-2.5,39.375,142.5,75.625,57.5
"902",781,"Dhelmise","Ghost","Grass",131,100,1000000,1,25,0,115.5,28.875,-90.5,11.625,140.5,69.375,40.5
"903",819,"Skwovet","Normal","",55,55,1000000,0,255,0,55,13.75,200,241.25,310,268.75,255
"904",820,"Greedent","Normal","",95,95,1000000,1,90,0,95,23.75,-5,66.25,185,113.75,90
"905",824,"Blipbug","Bug","",20,20,1000000,0,255,0,20,5,235,250,275,260,255
"906",825,"Dottler","Bug","Psychic",35,80,1000000,0,120,0,57.5,14.375,62.5,83.125,177.5,111.875,97.5
"907",826,"Orbeetle","Bug","Psychic",45,110,1000000,1,45,0,77.5,19.375,-32.5,-6.875,122.5,31.875,12.5
"908",829,"Gossifleur","Grass","",40,60,1000000,0,190,0,50,12.5,140,167.5,240,192.5,180
"909",830,"Eldegoss","Grass","",50,90,1000000,1,75,0,70,17.5,5,37.5,145,72.5,55
"910",831,"Wooloo","Normal","",40,55,1000000,0,255,0,47.5,11.875,207.5,235.625,302.5,259.375,247.5
"911",832,"Dubwool","Normal","",80,100,1000000,1,127,0,90,22.5,37,94.5,217,139.5,117
"912",833,"Chewtle","Water","",64,50,1000000,0,255,0,57,14.25,198,247.75,312,276.25,262
"913",834,"Drednaw","Water","Rock",115,90,1000000,1,75,0,102.5,25.625,-27.5,61.875,177.5,113.125,87.5
"914",843,"Silicobra","Ground","",57,75,1000000,0,255,0,66,16.5,189,229.5,321,262.5,246
"915",844,"Sandaconda","Ground","",107,125,1000000,1,120,0,116,29,4,82,236,140,111
"916",845,"Cramorant","Flying","Water",85,55,1000000,1,45,0,70,17.5,-25,42.5,115,77.5,60
"917",850,"Sizzlipede","Fire","Bug",65,45,1000000,0,190,0,55,13.75,135,186.25,245,213.75,200
"918",851,"Centiskorch","Fire","Bug",115,65,1000000,1,75,0,90,22.5,-15,77.5,165,122.5,100
"919",854,"Sinistea","Ghost","",45,45,1000000,0,120,0,45,11.25,75,108.75,165,131.25,120
"920",855,"Polteageist","Ghost","",65,65,1000000,1,60,0,65,16.25,-5,43.75,125,76.25,60
"921",859,"Impidimp","Dark","Fairy",45,30,1000000,0,255,0,37.5,9.375,217.5,253.125,292.5,271.875,262.5
"922",860,"Morgrem","Dark","Fairy",60,45,1000000,0,120,0,52.5,13.125,67.5,114.375,172.5,140.625,127.5
"923",861,"Grimmsnarl","Dark","Fairy",120,65,1000000,1,45,0,92.5,23.125,-47.5,49.375,137.5,95.625,72.5
"924",862,"Obstagoon","Dark","Normal",90,101,1000000,1,45,0,95.5,23.875,-50.5,15.625,140.5,63.375,39.5
"925",863,"Perrserker","Steel","",110,100,1000000,1,90,0,105,26.25,-15,68.75,195,121.25,95
"926",865,"Sirfetch'd","Fighting","",135,95,1000000,1,45,0,115,28.75,-70,36.25,160,93.75,65
"927",866,"Mr. Rime","Ice","Psychic",85,75,1000000,1,45,0,80,20,-35,30,125,70,50
"928",867,"Runerigus","Ground","Ghost",95,145,1000000,1,90,0,120,30,-30,35,210,95,65
"929",868,"Milcery","Fairy","",40,40,1000000,0,200,0,40,10,160,190,240,210,200
"930",869,"Alcremie","Fairy","",60,75,1000000,1,100,0,67.5,16.875,32.5,75.625,167.5,109.375,92.5
"931",870,"Falinks","Fighting","",100,100,1000000,1,45,0,100,25,-55,20,145,70,45
"932",871,"Pincurchin","Electric","",101,95,1000000,1,75,0,98,24.5,-23,53.5,173,102.5,78
"933",872,"Snom","Ice","Bug",25,35,1000000,0,190,0,30,7.5,160,177.5,220,192.5,185
"934",873,"Frosmoth","Ice","Bug",65,60,1000000,1,75,0,62.5,15.625,12.5,61.875,137.5,93.125,77.5
"935",877,"Morpeko","Electric","Dark",95,58,1000000,1,180,0,76.5,19.125,103.5,179.375,256.5,217.625,198.5
"936",878,"Cufant","Steel","",80,49,1000000,0,190,0,64.5,16.125,125.5,189.375,254.5,221.625,205.5
"937",879,"Copperajah","Steel","",130,69,1000000,1,90,0,99.5,24.875,-9.5,95.625,189.5,145.375,120.5
"938",884,"Duraludon","Steel","Dragon",95,115,1000000,1,45,0,105,26.25,-60,8.75,150,61.25,35
"939",35,"Clefairy","Fairy","",45,48,800000,0,150,0,46.5,11.625,103.5,136.875,196.5,160.125,148.5
"940",36,"Clefable","Fairy","",70,73,800000,1,25,0,71.5,17.875,-46.5,5.625,96.5,41.375,23.5
"941",39,"Jigglypuff","Normal","Fairy",45,20,800000,0,170,0,32.5,8.125,137.5,174.375,202.5,190.625,182.5
"942",40,"Wigglytuff","Normal","Fairy",70,45,800000,1,50,0,57.5,14.375,-7.5,48.125,107.5,76.875,62.5
"943",113,"Chansey","Normal","",5,5,800000,0,30,0,5,1.25,25,28.75,35,31.25,30
"944",165,"Ledyba","Bug","Flying",20,30,800000,0,255,0,25,6.25,230,243.75,280,256.25,250
"945",166,"Ledian","Bug","Flying",35,50,800000,1,90,0,42.5,10.625,47.5,71.875,132.5,93.125,82.5
"946",167,"Spinarak","Bug","Poison",60,40,800000,0,255,0,50,12.5,205,252.5,305,277.5,265
"947",168,"Ariados","Bug","Poison",90,70,800000,1,90,0,80,20,10,80,170,120,100
"948",173,"Cleffa","Fairy","",25,28,800000,0,150,0,26.5,6.625,123.5,141.875,176.5,155.125,148.5
"949",174,"Igglybuff","Normal","Fairy",30,15,800000,0,170,0,22.5,5.625,147.5,171.875,192.5,183.125,177.5
"950",175,"Togepi","Fairy","",20,65,800000,0,190,0,42.5,10.625,147.5,156.875,232.5,178.125,167.5
"951",176,"Togetic","Fairy","Flying",40,85,800000,0,75,0,62.5,15.625,12.5,36.875,137.5,68.125,52.5
"952",183,"Marill","Water","Fairy",20,50,800000,0,190,0,35,8.75,155,166.25,225,183.75,175
"953",184,"Azumarill","Water","Fairy",50,80,800000,1,75,0,65,16.25,10,43.75,140,76.25,60
"954",190,"Aipom","Normal","",70,55,800000,0,45,0,62.5,15.625,-17.5,36.875,107.5,68.125,52.5
"955",200,"Misdreavus","Ghost","",60,60,800000,0,45,0,60,15,-15,30,105,60,45
"956",209,"Snubbull","Fairy","",80,50,800000,0,190,0,65,16.25,125,188.75,255,221.25,205
"957",210,"Granbull","Fairy","",120,75,800000,1,75,0,97.5,24.375,-22.5,73.125,172.5,121.875,97.5
"958",222,"Corsola","Water","Rock",55,95,800000,1,60,0,75,18.75,-15,21.25,135,58.75,40
"959",222,"Galarian Corsola","Ghost","",55,100,800000,0,60,0,77.5,19.375,-17.5,18.125,137.5,56.875,37.5
"960",225,"Delibird","Ice","Flying",55,45,800000,1,45,0,50,12.5,-5,37.5,95,62.5,50
"961",235,"Smeargle","Normal","",20,35,800000,1,45,0,27.5,6.875,17.5,30.625,72.5,44.375,37.5
"962",242,"Blissey","Normal","",10,10,800000,1,30,0,10,2.5,20,27.5,40,32.5,30
"963",298,"Azurill","Normal","Fairy",20,40,800000,0,150,0,30,7.5,120,132.5,180,147.5,140
"964",300,"Skitty","Normal","",45,45,800000,0,255,0,45,11.25,210,243.75,300,266.25,255
"965",301,"Delcatty","Normal","",65,65,800000,1,60,0,65,16.25,-5,43.75,125,76.25,60
"966",303,"Mawile","Steel","Fairy",85,85,800000,1,45,0,85,21.25,-40,23.75,130,66.25,45
"967",303,"Mega Mawile","Steel","Fairy",105,125,800000,1,45,0,115,28.75,-70,6.25,160,63.75,35
"968",325,"Spoink","Psychic","",25,35,800000,0,255,0,30,7.5,225,242.5,285,257.5,250
"969",326,"Grumpig","Psychic","",45,65,800000,1,60,0,55,13.75,5,36.25,115,63.75,50
"970",327,"Spinda","Normal","",60,60,800000,1,255,0,60,15,195,240,315,270,255
"971",337,"Lunatone","Rock","Psychic",55,65,800000,1,45,0,60,15,-15,25,105,55,40
"972",338,"Solrock","Rock","Psychic",95,85,800000,1,45,0,90,22.5,-45,27.5,135,72.5,50
"973",353,"Shuppet","Ghost","",75,35,800000,0,225,0,55,13.75,170,231.25,280,258.75,245
"974",354,"Banette","Ghost","",115,65,800000,1,45,0,90,22.5,-45,47.5,135,92.5,70
"975",354,"Mega Banette","Ghost","",165,75,800000,1,45,0,120,30,-75,60,165,120,90
"976",355,"Duskull","Ghost","",40,90,800000,0,190,0,65,16.25,125,148.75,255,181.25,165
"977",356,"Dusclops","Ghost","",70,130,800000,0,90,0,100,25,-10,35,190,85,60
"978",358,"Chimecho","Psychic","",50,80,800000,1,45,0,65,16.25,-20,13.75,110,46.25,30
"979",370,"Luvdisc","Water","",30,55,800000,1,225,0,42.5,10.625,182.5,201.875,267.5,223.125,212.5
"980",424,"Ambipom","Normal","",100,66,800000,1,45,0,83,20.75,-38,41.25,128,82.75,62
"981",429,"Mismagius","Ghost","",60,60,800000,1,45,0,60,15,-15,30,105,60,45
"982",431,"Glameow","Normal","",55,42,800000,0,190,0,48.5,12.125,141.5,184.375,238.5,208.625,196.5
"983",432,"Purugly","Normal","",82,64,800000,1,75,0,73,18.25,2,65.75,148,102.25,84
"984",433,"Chingling","Psychic","",30,50,800000,0,120,0,40,10,80,100,160,120,110
"985",440,"Happiny","Normal","",5,5,800000,0,130,0,5,1.25,125,128.75,135,131.25,130
"986",468,"Togekiss","Fairy","Flying",50,95,800000,1,30,0,72.5,18.125,-42.5,-10.625,102.5,25.625,7.5
"987",477,"Dusknoir","Ghost","",100,135,800000,1,45,0,117.5,29.375,-72.5,-1.875,162.5,56.875,27.5
"988",517,"Munna","Psychic","",25,45,800000,0,190,0,35,8.75,155,171.25,225,188.75,180
"989",518,"Musharna","Psychic","",55,85,800000,1,75,0,70,17.5,5,42.5,145,77.5,60
"990",531,"Audino","Normal","",60,86,800000,1,255,0,73,18.25,182,223.75,328,260.25,242
"991",531,"Mega Audino","Normal","Fairy",60,126,800000,1,255,0,93,23.25,162,198.75,348,245.25,222
"992",572,"Minccino","Normal","",50,40,800000,0,255,0,45,11.25,210,248.75,300,271.25,260
"993",573,"Cinccino","Normal","",95,60,800000,1,60,0,77.5,19.375,-17.5,58.125,137.5,96.875,77.5
"994",594,"Alomomola","Water","",75,80,800000,1,75,0,77.5,19.375,-2.5,53.125,152.5,91.875,72.5
"995",707,"Klefki","Steel","Fairy",80,91,800000,1,75,0,85.5,21.375,-10.5,48.125,160.5,90.875,69.5
"996",746,"Wishiwashi","Water","",20,20,800000,0,60,0,20,5,40,55,80,65,60
"997",746,"Wishiwashi School","Water","",140,130,800000,0,60,0,135,33.75,-75,31.25,195,98.75,65
"998",764,"Comfey","Fairy","",52,90,800000,1,60,0,71,17.75,-11,23.25,131,58.75,41
"999",771,"Pyukumuku","Water","",60,130,800000,1,60,0,95,23.75,-35,1.25,155,48.75,25
"1000",827,"Nickit","Dark","",28,28,800000,0,255,0,28,7,227,248,283,262,255
"1001",828,"Thievul","Dark","",58,58,800000,1,127,0,58,14.5,69,112.5,185,141.5,127
"1002",835,"Yamper","Electric","",45,50,800000,0,255,0,47.5,11.875,207.5,240.625,302.5,264.375,252.5
"1003",836,"Boltund","Electric","",90,60,800000,1,45,0,75,18.75,-30,41.25,120,78.75,60
"1004",864,"Cursola","Ghost","",95,50,800000,1,30,0,72.5,18.125,-42.5,34.375,102.5,70.625,52.5
"1005",876,"Indeedee","Psychic","Normal",65,55,800000,0,30,0,60,15,-30,20,90,50,35
"1006",290,"Nincada","Bug","Ground",45,90,600000,0,255,0,67.5,16.875,187.5,215.625,322.5,249.375,232.5
"1007",291,"Ninjask","Bug","Flying",90,45,600000,1,120,0,67.5,16.875,52.5,125.625,187.5,159.375,142.5
"1008",292,"Shedinja","Bug","Ghost",90,45,600000,1,45,0,67.5,16.875,-22.5,50.625,112.5,84.375,67.5
"1009",313,"Volbeat","Bug","",73,75,600000,1,150,0,74,18.5,76,130.5,224,167.5,149
"1010",333,"Swablu","Normal","Flying",40,60,600000,0,255,0,50,12.5,205,232.5,305,257.5,245
"1011",334,"Altaria","Dragon","Flying",70,90,600000,1,45,0,80,20,-35,15,125,55,35
"1012",334,"Mega Altaria","Dragon","Fairy",110,110,600000,1,45,0,110,27.5,-65,17.5,155,72.5,45
"1013",335,"Zangoose","Normal","",115,60,600000,1,90,0,87.5,21.875,2.5,95.625,177.5,139.375,117.5
"1014",345,"Lileep","Rock","Grass",41,77,600000,0,45,0,59,14.75,-14,12.25,104,41.75,27
"1015",346,"Cradily","Rock","Grass",81,97,600000,1,45,0,89,22.25,-44,14.75,134,59.25,37
"1016",347,"Anorith","Rock","Bug",95,50,600000,0,45,0,72.5,18.125,-27.5,49.375,117.5,85.625,67.5
"1017",348,"Armaldo","Rock","Bug",125,100,600000,1,45,0,112.5,28.125,-67.5,29.375,157.5,85.625,57.5
"1018",349,"Feebas","Water","",15,20,600000,0,255,0,17.5,4.375,237.5,248.125,272.5,256.875,252.5
"1019",350,"Milotic","Water","",60,79,600000,1,60,0,69.5,17.375,-9.5,33.125,129.5,67.875,50.5
"1020",366,"Clamperl","Water","",64,85,600000,0,255,0,74.5,18.625,180.5,225.875,329.5,263.125,244.5
"1021",367,"Huntail","Water","",104,105,600000,1,60,0,104.5,26.125,-44.5,33.375,164.5,85.625,59.5
"1022",368,"Gorebyss","Water","",84,105,600000,1,60,0,94.5,23.625,-34.5,25.875,154.5,73.125,49.5
"1023",408,"Cranidos","Rock","",125,40,600000,0,45,0,82.5,20.625,-37.5,66.875,127.5,108.125,87.5
"1024",409,"Rampardos","Rock","",165,60,600000,1,45,0,112.5,28.125,-67.5,69.375,157.5,125.625,97.5
"1025",410,"Shieldon","Rock","Steel",42,118,600000,0,45,0,80,20,-35,-13,125,27,7
"1026",411,"Bastiodon","Rock","Steel",52,168,600000,1,45,0,110,27.5,-65,-40.5,155,14.5,-13
"1027",456,"Finneon","Water","",49,56,600000,0,190,0,52.5,13.125,137.5,173.375,242.5,199.625,186.5
"1028",457,"Lumineon","Water","",69,76,600000,1,75,0,72.5,18.125,2.5,53.375,147.5,89.625,71.5
"1029",840,"Applin","Grass","Dragon",40,80,600000,0,255,0,60,15,195,220,315,250,235
"1030",841,"Flapple","Grass","Dragon",110,80,600000,1,45,0,95,23.75,-50,36.25,140,83.75,60
"1031",842,"Appletun","Grass","Dragon",85,80,600000,1,45,0,82.5,20.625,-37.5,26.875,127.5,68.125,47.5
"1032",32,"Nidoran??Poison","","['Hustle', 'Poison Point', 'Rivalry']",40,40,0,235,0,0,40,10,-40,-10,40,10,0
